model,horizon,n_weeks,wis,wis_persistence,relative_wis,dm_statistic,p_value,p_holm,verdict
colagnn,1,157,1.074435185566431,1.3111097359990196,0.8194853230555481,-16.44641515878789,6.811617373426239e-36,1.0217426060139359e-34,better than persistence
gnn_st,1,157,1.0632920788991815,1.3111097359990196,0.8109863344802258,-20.429757774856476,5.999461334726645e-46,9.599138135562632e-45,better than persistence
lstm,1,157,1.1069552801300393,1.3111097359990196,0.8442888110250957,-12.802910640098773,4.1531930796857744e-26,5.399151003591506e-25,better than persistence
seasonal_naive,1,157,1.55055388498762,1.3111097359990196,1.1826270848382896,7.0477922828361965,5.509700240630139e-11,4.407760192504111e-10,worse than persistence
colagnn,2,157,1.1370194667388993,1.3740933337415326,0.8274688762537676,-12.131454765824163,2.822894514445617e-24,3.38747341733474e-23,better than persistence
gnn_st,2,157,1.1152014897745703,1.3740933337415326,0.8115907867320605,-16.099695159457212,5.558845124089051e-35,7.782383173724672e-34,better than persistence
lstm,2,157,1.2294737350817249,1.3740933337415326,0.8947527106721189,-4.306562753497575,2.9207388590288264e-05,0.00017524433154172958,better than persistence
seasonal_naive,2,157,1.5508627747799335,1.3740933337415326,1.1286444207956918,3.8919869356886343,0.00014696994205190534,0.0007348497102595266,worse than persistence
colagnn,3,157,1.1936135942220238,1.4231905881203555,0.8386885102988632,-8.454410562567826,1.8743276179979112e-14,1.68689485619812e-13,better than persistence
gnn_st,3,157,1.1727997231770837,1.4231905881203555,0.8240637149842528,-11.696107800573612,4.346527794283348e-23,4.781180573711683e-22,better than persistence
lstm,3,157,1.3052164233113115,1.4231905881203555,0.9171058565213985,-2.4571584469533145,0.015099463234130691,0.060397852936522764,not clearly better than persistence
seasonal_naive,3,157,1.5482231300840112,1.4231905881203555,1.0878536880494618,2.085999479716639,0.03860627188025615,0.11581881564076846,no better than persistence
colagnn,4,157,1.2615704623925073,1.5006209134830921,0.8406989740428682,-6.244968362237826,3.844775011945319e-09,2.691342508361723e-08,better than persistence
gnn_st,4,157,1.2318233046731553,1.5006209134830921,0.8208757412383181,-8.70146703613926,4.358055988052047e-15,4.3580559880520474e-14,better than persistence
lstm,4,157,1.397467959358366,1.5006209134830921,0.931259818387245,-1.4848338939743098,0.13960570880897166,0.2792114176179433,not clearly better than persistence
seasonal_naive,4,157,1.5482231300840112,1.5006209134830921,1.0317216801213502,0.7100194606202983,0.4787520665776661,0.4787520665776661,no better than persistence
