model,season,horizon,n_cells,wis,mae,coverage95
colagnn,2023-24,1,3016,1.0979347862681357,1.7039412689501474,0.9641909814323607
colagnn,2023-24,2,3016,1.1645358993175163,1.8443023878043463,0.9648541114058355
colagnn,2023-24,3,3016,1.2241259985223014,1.9511220600426356,0.9549071618037135
colagnn,2023-24,4,3016,1.2905568059106138,2.0500350213888785,0.9376657824933687
colagnn,2024-25,1,3016,1.109243288773471,1.710986253654767,0.9393236074270557
colagnn,2024-25,2,3016,1.1568990502773278,1.8283556423468679,0.9489389920424404
colagnn,2024-25,3,3016,1.2036269781672158,1.9267652010253633,0.9449602122015915
colagnn,2024-25,4,3016,1.3030686218931373,2.125657024133743,0.9446286472148541
colagnn,2025-26,1,3074,1.0172276270144553,1.583989635507395,0.9703968770331816
colagnn,2025-26,2,3074,1.090517715076892,1.704838997815907,0.9625894599869876
colagnn,2025-26,3,3074,1.1538524434906199,1.8157405244621583,0.9577098243331165
colagnn,2025-26,4,3074,1.1924158556571431,1.8924507433203186,0.9531554977228367
gnn_st,2023-24,1,3016,1.0928972100833674,1.627537114708746,0.9665119363395226
gnn_st,2023-24,2,3016,1.1345854031336677,1.703027043027176,0.9651856763925729
gnn_st,2023-24,3,3016,1.190688135483394,1.7876408854672383,0.9638594164456233
gnn_st,2023-24,4,3016,1.2550901576364837,1.8780825231174891,0.9542440318302388
gnn_st,2024-25,1,3016,1.0936956867078718,1.6193726884314805,0.9423076923076923
gnn_st,2024-25,2,3016,1.1357643537830515,1.728271105818312,0.9423076923076923
gnn_st,2024-25,3,3016,1.1833016835116186,1.8506964093533689,0.9476127320954907
gnn_st,2024-25,4,3016,1.2618105047841923,2.0046556228351844,0.9383289124668435
gnn_st,2025-26,1,3074,1.0044155802646615,1.525515795684745,0.9677944046844502
gnn_st,2025-26,2,3074,1.0760084251875117,1.6461387558191258,0.968445022771633
gnn_st,2025-26,3,3074,1.1449450179445566,1.7613030099100933,0.9564085881587508
gnn_st,2025-26,4,3074,1.179574045053023,1.848416426388102,0.9622641509433962
lstm,2023-24,1,3016,1.1156592869054047,1.7455516107360627,0.9595490716180372
lstm,2023-24,2,3016,1.1777534933889022,1.8660535520876433,0.9598806366047745
lstm,2023-24,3,3016,1.23997944864338,1.967045822415491,0.9519230769230769
lstm,2023-24,4,3016,1.293804034351205,2.065325867552656,0.9433023872679045
lstm,2024-25,1,3016,1.1504052534411613,1.7783419143813675,0.9426392572944297
lstm,2024-25,2,3016,1.3671779852105646,2.105172342563972,0.8958885941644562
lstm,2024-25,3,3016,1.4515257709871827,2.275382333610513,0.8624005305039788
lstm,2024-25,4,3016,1.6012212190089075,2.4828534293079882,0.8066976127320955
lstm,2025-26,1,3074,1.055785337403674,1.639883440135746,0.9661678594664932
lstm,2025-26,2,3074,1.145112066427519,1.7798816782938014,0.9593363695510735
lstm,2025-26,3,3074,1.2256737177186159,1.8959169207297135,0.9570592062459337
lstm,2025-26,4,3074,1.2992671027271243,1.998134843001679,0.9538061158100195
persistence,2023-24,1,3016,1.3329928078123643,1.9217506631299734,0.968501326259947
persistence,2023-24,2,3016,1.3856237517619217,2.026193633952255,0.9602122015915119
persistence,2023-24,3,3016,1.4301236863219098,2.115716180371353,0.9618700265251989
persistence,2023-24,4,3016,1.4838872969806527,2.226127320954907,0.9615384615384616
persistence,2024-25,1,3016,1.354836597170436,1.8643899204244032,0.9316976127320955
persistence,2024-25,2,3016,1.4159676914161876,1.971816976127321,0.9522546419098143
persistence,2024-25,3,3016,1.421820345902007,1.9956896551724137,0.9379973474801061
persistence,2024-25,4,3016,1.5186519812886072,2.161472148541114,0.9466180371352785
persistence,2025-26,1,3074,1.2467377262781216,1.7817176317501626,0.9853610930383865
persistence,2025-26,2,3074,1.321696195323754,1.9011060507482107,0.9808067664281067
persistence,2025-26,3,3074,1.4177326916840023,2.060182173064411,0.9729993493819128
persistence,2025-26,4,3074,1.4993479423932823,2.20039037085231,0.9769030579050098
seasonal_naive,2023-24,1,3016,1.6105317682593314,2.293103448275862,0.9622015915119363
seasonal_naive,2023-24,2,3016,1.6105317682593314,2.293103448275862,0.9622015915119363
seasonal_naive,2023-24,3,3016,1.602562071773566,2.293103448275862,0.9539124668435013
seasonal_naive,2023-24,4,3016,1.602562071773566,2.293103448275862,0.9539124668435013
seasonal_naive,2024-25,1,3016,1.5716199707230327,2.322612732095491,0.9641909814323607
seasonal_naive,2024-25,2,3016,1.5725525802882874,2.322612732095491,0.9641909814323607
seasonal_naive,2024-25,3,3016,1.5725525802882874,2.322612732095491,0.9641909814323607
seasonal_naive,2024-25,4,3016,1.5725525802882874,2.322612732095491,0.9641909814323607
seasonal_naive,2025-26,1,3074,1.4710390474711956,1.9632400780741706,0.9843851659076123
seasonal_naive,2025-26,2,3074,1.4710390474711956,1.9632400780741706,0.9843851659076123
seasonal_naive,2025-26,3,3074,1.4710390474711956,1.9632400780741706,0.9843851659076123
seasonal_naive,2025-26,4,3074,1.4710390474711956,1.9632400780741706,0.9843851659076123
