a,b
60601,60602
60601,60606
60601,60611
60601,60654
60602,60603
60602,60606
60603,60604
60603,60606
60604,60605
60604,60606
60605,60607
60605,60616
60606,60607
60606,60654
60606,60661
60607,60608
60607,60612
60607,60616
60607,60642
60607,60661
60608,60609
60608,60612
60608,60616
60608,60623
60608,60632
60609,60615
60609,60616
60609,60621
60609,60632
60609,60636
60609,60653
60610,60611
60610,60614
60610,60642
60610,60654
60611,60654
60612,60622
60612,60623
60612,60624
60613,60618
60613,60640
60613,60657
60614,60622
60614,60642
60614,60647
60614,60657
60615,60637
60615,60653
60616,60653
60617,60619
60617,60628
60617,60633
60617,60649
60618,60625
60618,60641
60618,60647
60618,60657
60619,60620
60619,60621
60619,60628
60619,60637
60619,60649
60620,60621
60620,60628
60620,60636
60620,60643
60620,60652
60621,60636
60621,60637
60622,60642
60622,60647
60622,60651
60623,60624
60623,60632
60624,60644
60624,60651
60625,60630
60625,60640
60625,60659
60626,60645
60626,60660
60628,60633
60628,60643
60629,60632
60629,60636
60629,60638
60629,60652
60630,60634
60630,60641
60630,60646
60630,60656
60631,60646
60631,60656
60632,60638
60634,60639
60634,60641
60634,60656
60634,60707
60637,60649
60639,60641
60639,60647
60639,60651
60639,60707
60640,60660
60642,60654
60643,60655
60644,60651
60645,60659
60646,60659
60647,60651
60654,60661
60656,60666
60659,60660
