week,60601,60602,60603,60604,60605,60606,60607,60608,60609,60610,60611,60612,60613,60614,60615,60616,60617,60618,60619,60620,60621,60622,60623,60624,60625,60626,60628,60629,60630,60631,60632,60633,60634,60636,60637,60638,60639,60640,60641,60642,60643,60644,60645,60646,60647,60649,60651,60652,60653,60654,60655,60656,60657,60659,60660,60661,60666,60707
2019-09-29,10.0,1.0,10.0,1.0,1.0,3.0,1.0,1.0,8.0,2.0,1.0,3.0,1.0,3.0,4.0,2.0,6.0,5.0,6.0,3.0,2.0,1.0,1.0,2.0,3.0,1.0,1.0,6.0,6.0,7.0,5.0,6.0,3.0,3.0,4.0,5.0,4.0,2.0,3.0,1.0,1.0,1.0,2.0,1.0,1.0,5.0,2.0,7.0,2.0,1.0,3.0,10.0,2.0,5.0,5.0,8.0,1.0,1.0
2019-10-06,1.0,1.0,1.0,1.0,5.0,2.0,3.0,1.0,3.0,1.0,3.0,1.0,1.0,1.0,2.0,9.0,10.0,8.0,5.0,7.0,4.0,1.0,5.0,3.0,3.0,1.0,8.0,8.0,1.0,4.0,7.0,4.0,4.0,3.0,7.0,3.0,3.0,1.0,2.0,1.0,10.0,2.0,4.0,5.0,4.0,7.0,2.0,8.0,4.0,1.0,1.0,10.0,1.0,3.0,2.0,1.0,1.0,1.0
2019-10-13,1.0,1.0,10.0,1.0,1.0,3.0,1.0,2.0,4.0,1.0,1.0,1.0,2.0,1.0,4.0,6.0,7.0,3.0,6.0,5.0,4.0,1.0,1.0,2.0,1.0,1.0,4.0,9.0,3.0,7.0,7.0,4.0,4.0,7.0,6.0,8.0,4.0,3.0,1.0,2.0,8.0,3.0,1.0,10.0,5.0,6.0,4.0,8.0,6.0,2.0,1.0,8.0,1.0,1.0,1.0,1.0,1.0,1.0
2019-10-20,4.0,1.0,1.0,1.0,1.0,1.0,1.0,3.0,6.0,1.0,1.0,4.0,4.0,1.0,3.0,2.0,10.0,1.0,5.0,8.0,6.0,1.0,2.0,5.0,2.0,1.0,5.0,10.0,10.0,10.0,8.0,4.0,7.0,7.0,5.0,10.0,3.0,4.0,7.0,1.0,5.0,3.0,4.0,6.0,2.0,2.0,1.0,10.0,4.0,1.0,10.0,10.0,4.0,4.0,7.0,1.0,1.0,1.0
2019-10-27,10.0,1.0,1.0,1.0,1.0,1.0,1.0,3.0,5.0,4.0,1.0,2.0,1.0,1.0,3.0,6.0,7.0,1.0,5.0,7.0,4.0,2.0,4.0,2.0,2.0,1.0,4.0,10.0,1.0,2.0,4.0,10.0,3.0,3.0,6.0,8.0,4.0,2.0,8.0,1.0,3.0,4.0,6.0,2.0,4.0,7.0,2.0,10.0,8.0,2.0,3.0,9.0,2.0,2.0,1.0,1.0,1.0,1.0
2019-11-03,5.0,1.0,1.0,1.0,1.0,1.0,4.0,2.0,1.0,1.0,5.0,3.0,10.0,1.0,7.0,2.0,5.0,5.0,4.0,3.0,1.0,2.0,3.0,2.0,2.0,1.0,6.0,4.0,9.0,4.0,3.0,4.0,7.0,2.0,6.0,3.0,2.0,3.0,5.0,1.0,2.0,1.0,4.0,9.0,2.0,6.0,1.0,10.0,8.0,1.0,9.0,7.0,2.0,2.0,1.0,1.0,1.0,1.0
2019-11-10,1.0,1.0,1.0,1.0,1.0,3.0,4.0,1.0,4.0,1.0,1.0,1.0,3.0,2.0,3.0,4.0,5.0,3.0,5.0,6.0,6.0,1.0,4.0,1.0,3.0,3.0,4.0,10.0,3.0,5.0,4.0,10.0,6.0,7.0,3.0,1.0,4.0,3.0,4.0,2.0,10.0,3.0,5.0,8.0,4.0,3.0,4.0,10.0,5.0,1.0,2.0,6.0,2.0,6.0,1.0,1.0,1.0,1.0
2019-11-17,1.0,1.0,1.0,10.0,7.0,1.0,1.0,1.0,2.0,1.0,2.0,3.0,5.0,1.0,4.0,10.0,8.0,4.0,4.0,3.0,5.0,1.0,3.0,3.0,1.0,6.0,7.0,9.0,4.0,1.0,4.0,10.0,8.0,2.0,1.0,6.0,6.0,1.0,3.0,1.0,3.0,3.0,4.0,2.0,3.0,6.0,5.0,4.0,8.0,1.0,10.0,7.0,6.0,6.0,1.0,1.0,1.0,1.0
2019-11-24,1.0,1.0,1.0,1.0,1.0,10.0,1.0,7.0,7.0,1.0,10.0,2.0,6.0,1.0,2.0,4.0,7.0,6.0,8.0,4.0,3.0,9.0,4.0,2.0,4.0,3.0,10.0,10.0,1.0,10.0,10.0,10.0,9.0,4.0,3.0,7.0,4.0,3.0,10.0,5.0,10.0,2.0,5.0,10.0,3.0,5.0,7.0,10.0,4.0,1.0,7.0,10.0,5.0,4.0,1.0,10.0,1.0,1.0
2019-12-01,1.0,1.0,1.0,1.0,1.0,7.0,2.0,6.0,4.0,4.0,5.0,6.0,10.0,1.0,9.0,9.0,10.0,2.0,9.0,10.0,5.0,1.0,5.0,3.0,1.0,3.0,10.0,10.0,6.0,7.0,10.0,10.0,10.0,8.0,7.0,10.0,8.0,2.0,6.0,2.0,9.0,7.0,1.0,7.0,6.0,8.0,3.0,10.0,8.0,1.0,10.0,10.0,4.0,8.0,7.0,1.0,1.0,1.0
2019-12-08,10.0,1.0,1.0,1.0,1.0,10.0,3.0,2.0,3.0,2.0,1.0,3.0,5.0,4.0,10.0,10.0,10.0,10.0,10.0,10.0,4.0,7.0,10.0,7.0,10.0,6.0,10.0,10.0,10.0,10.0,10.0,10.0,10.0,10.0,7.0,10.0,10.0,7.0,9.0,1.0,10.0,6.0,3.0,10.0,2.0,10.0,6.0,10.0,7.0,1.0,8.0,10.0,7.0,10.0,1.0,1.0,1.0,1.0
2019-12-15,1.0,10.0,1.0,1.0,8.0,10.0,3.0,8.0,10.0,1.0,1.0,4.0,3.0,10.0,10.0,6.0,10.0,10.0,10.0,10.0,4.0,6.0,5.0,5.0,10.0,6.0,10.0,10.0,9.0,6.0,10.0,10.0,10.0,10.0,10.0,10.0,10.0,3.0,10.0,10.0,10.0,5.0,10.0,10.0,3.0,10.0,9.0,10.0,10.0,2.0,10.0,10.0,10.0,10.0,9.0,1.0,1.0,1.0
2019-12-22,5.0,1.0,1.0,1.0,8.0,10.0,10.0,10.0,10.0,8.0,3.0,10.0,10.0,4.0,10.0,10.0,10.0,10.0,10.0,10.0,10.0,6.0,10.0,10.0,10.0,10.0,10.0,10.0,10.0,10.0,10.0,10.0,10.0,10.0,10.0,10.0,10.0,7.0,10.0,2.0,10.0,10.0,10.0,10.0,10.0,10.0,10.0,10.0,10.0,6.0,10.0,10.0,10.0,10.0,7.0,10.0,1.0,1.0
2019-12-29,7.0,1.0,1.0,1.0,1.0,10.0,8.0,10.0,10.0,10.0,3.0,5.0,10.0,1.0,10.0,10.0,10.0,10.0,10.0,10.0,10.0,9.0,10.0,10.0,10.0,10.0,10.0,10.0,10.0,10.0,10.0,10.0,10.0,10.0,10.0,10.0,10.0,6.0,10.0,2.0,10.0,10.0,10.0,10.0,10.0,10.0,10.0,10.0,10.0,2.0,5.0,10.0,7.0,10.0,10.0,1.0,1.0,1.0
2020-01-05,10.0,1.0,1.0,10.0,8.0,10.0,10.0,10.0,10.0,7.0,1.0,8.0,10.0,3.0,10.0,10.0,10.0,10.0,10.0,10.0,10.0,10.0,10.0,10.0,9.0,10.0,10.0,10.0,9.0,10.0,10.0,10.0,10.0,10.0,10.0,10.0,10.0,8.0,10.0,10.0,10.0,10.0,10.0,10.0,9.0,10.0,10.0,10.0,10.0,10.0,10.0,10.0,8.0,10.0,8.0,10.0,1.0,1.0
2020-01-12,5.0,1.0,1.0,10.0,1.0,7.0,10.0,10.0,10.0,6.0,8.0,8.0,10.0,4.0,10.0,10.0,10.0,10.0,10.0,10.0,10.0,10.0,10.0,10.0,10.0,8.0,10.0,10.0,10.0,8.0,10.0,10.0,10.0,10.0,10.0,10.0,10.0,8.0,10.0,1.0,10.0,10.0,7.0,10.0,10.0,10.0,10.0,10.0,10.0,2.0,10.0,10.0,10.0,8.0,8.0,1.0,1.0,1.0
2020-01-19,5.0,1.0,1.0,1.0,10.0,10.0,10.0,10.0,10.0,9.0,7.0,6.0,9.0,1.0,10.0,10.0,10.0,9.0,10.0,10.0,10.0,10.0,10.0,9.0,10.0,10.0,10.0,10.0,10.0,10.0,10.0,10.0,10.0,10.0,10.0,10.0,10.0,10.0,10.0,2.0,10.0,10.0,10.0,9.0,10.0,10.0,10.0,10.0,10.0,6.0,10.0,10.0,10.0,10.0,10.0,1.0,1.0,1.0
2020-01-26,5.0,1.0,10.0,10.0,6.0,10.0,10.0,10.0,10.0,7.0,10.0,10.0,10.0,9.0,10.0,10.0,10.0,10.0,10.0,10.0,10.0,8.0,10.0,10.0,10.0,10.0,10.0,10.0,10.0,10.0,10.0,10.0,10.0,10.0,10.0,10.0,10.0,10.0,10.0,3.0,10.0,10.0,10.0,10.0,10.0,10.0,10.0,10.0,10.0,9.0,8.0,10.0,10.0,10.0,9.0,1.0,1.0,1.0
2020-02-02,10.0,10.0,1.0,10.0,10.0,10.0,10.0,10.0,10.0,10.0,1.0,10.0,10.0,10.0,10.0,10.0,10.0,10.0,10.0,10.0,10.0,10.0,10.0,10.0,10.0,10.0,10.0,10.0,10.0,10.0,10.0,10.0,10.0,10.0,10.0,10.0,10.0,9.0,10.0,4.0,10.0,10.0,10.0,10.0,10.0,10.0,10.0,10.0,10.0,10.0,6.0,10.0,10.0,10.0,10.0,1.0,1.0,1.0
2020-02-09,10.0,1.0,10.0,1.0,7.0,10.0,9.0,10.0,10.0,10.0,10.0,10.0,10.0,5.0,10.0,10.0,10.0,10.0,10.0,10.0,10.0,10.0,10.0,10.0,10.0,10.0,10.0,10.0,10.0,7.0,10.0,10.0,10.0,10.0,10.0,10.0,10.0,10.0,10.0,10.0,10.0,10.0,10.0,9.0,10.0,10.0,10.0,10.0,10.0,10.0,10.0,10.0,7.0,10.0,10.0,10.0,10.0,1.0
2020-02-16,10.0,10.0,1.0,1.0,10.0,10.0,8.0,10.0,10.0,6.0,1.0,10.0,10.0,9.0,10.0,10.0,10.0,10.0,10.0,10.0,10.0,6.0,10.0,10.0,10.0,10.0,10.0,10.0,10.0,10.0,10.0,10.0,10.0,10.0,10.0,10.0,10.0,10.0,10.0,10.0,10.0,10.0,10.0,10.0,10.0,10.0,10.0,10.0,10.0,4.0,10.0,10.0,10.0,10.0,10.0,1.0,1.0,1.0
2020-02-23,4.0,10.0,1.0,1.0,5.0,10.0,10.0,10.0,10.0,10.0,3.0,7.0,10.0,10.0,10.0,10.0,10.0,10.0,10.0,10.0,9.0,6.0,10.0,10.0,10.0,10.0,10.0,10.0,10.0,4.0,10.0,10.0,10.0,10.0,10.0,10.0,10.0,10.0,10.0,6.0,10.0,10.0,10.0,3.0,10.0,10.0,10.0,10.0,10.0,10.0,4.0,10.0,10.0,10.0,9.0,10.0,1.0,1.0
2020-03-01,10.0,1.0,10.0,1.0,4.0,10.0,9.0,10.0,10.0,6.0,10.0,7.0,10.0,8.0,10.0,10.0,10.0,10.0,10.0,10.0,10.0,9.0,10.0,10.0,10.0,10.0,10.0,10.0,10.0,6.0,10.0,10.0,10.0,10.0,10.0,10.0,10.0,10.0,10.0,2.0,10.0,10.0,10.0,10.0,10.0,10.0,10.0,10.0,10.0,1.0,10.0,10.0,10.0,10.0,10.0,1.0,1.0,1.0
2020-03-08,4.0,1.0,1.0,10.0,10.0,10.0,9.0,10.0,10.0,10.0,7.0,10.0,10.0,10.0,10.0,10.0,10.0,10.0,10.0,10.0,10.0,7.0,10.0,10.0,10.0,10.0,10.0,10.0,10.0,4.0,10.0,10.0,10.0,10.0,10.0,10.0,10.0,10.0,10.0,10.0,10.0,10.0,10.0,10.0,10.0,10.0,10.0,10.0,10.0,10.0,10.0,8.0,10.0,10.0,10.0,9.0,1.0,1.0
2020-03-15,5.0,1.0,1.0,1.0,10.0,7.0,9.0,10.0,10.0,6.0,7.0,10.0,10.0,10.0,10.0,10.0,10.0,10.0,10.0,10.0,10.0,8.0,10.0,10.0,10.0,10.0,10.0,10.0,10.0,10.0,10.0,10.0,10.0,10.0,10.0,10.0,10.0,10.0,10.0,10.0,10.0,10.0,10.0,10.0,10.0,10.0,10.0,10.0,10.0,10.0,10.0,10.0,10.0,10.0,10.0,10.0,1.0,1.0
2020-03-22,10.0,1.0,1.0,1.0,10.0,10.0,8.0,10.0,10.0,10.0,10.0,10.0,10.0,10.0,10.0,10.0,10.0,10.0,10.0,10.0,10.0,6.0,10.0,10.0,10.0,7.0,10.0,10.0,10.0,6.0,10.0,10.0,10.0,10.0,10.0,10.0,10.0,10.0,10.0,9.0,10.0,10.0,6.0,10.0,10.0,10.0,10.0,10.0,10.0,7.0,10.0,10.0,10.0,10.0,7.0,1.0,1.0,1.0
2020-03-29,1.0,10.0,1.0,1.0,6.0,4.0,2.0,10.0,10.0,10.0,4.0,10.0,10.0,10.0,10.0,10.0,10.0,10.0,10.0,10.0,10.0,9.0,10.0,10.0,10.0,10.0,10.0,10.0,10.0,1.0,10.0,10.0,10.0,10.0,10.0,10.0,10.0,10.0,10.0,10.0,10.0,10.0,9.0,10.0,10.0,10.0,10.0,10.0,10.0,9.0,10.0,10.0,10.0,10.0,10.0,1.0,1.0,1.0
2020-04-05,1.0,1.0,1.0,1.0,1.0,10.0,10.0,10.0,10.0,3.0,2.0,9.0,10.0,10.0,10.0,10.0,10.0,10.0,10.0,10.0,7.0,10.0,10.0,6.0,10.0,8.0,8.0,10.0,10.0,4.0,10.0,10.0,10.0,10.0,10.0,10.0,10.0,10.0,10.0,5.0,10.0,10.0,10.0,10.0,8.0,10.0,10.0,10.0,10.0,10.0,10.0,8.0,9.0,10.0,10.0,10.0,1.0,1.0
2020-04-12,1.0,1.0,1.0,1.0,1.0,7.0,8.0,10.0,10.0,1.0,2.0,5.0,10.0,10.0,10.0,10.0,10.0,10.0,10.0,4.0,5.0,6.0,10.0,7.0,10.0,9.0,10.0,10.0,2.0,8.0,10.0,10.0,10.0,10.0,10.0,10.0,10.0,8.0,10.0,10.0,10.0,9.0,6.0,9.0,9.0,10.0,8.0,10.0,8.0,1.0,10.0,9.0,5.0,10.0,10.0,10.0,1.0,1.0
2020-04-19,10.0,1.0,1.0,1.0,2.0,10.0,2.0,10.0,10.0,9.0,2.0,5.0,9.0,10.0,5.0,10.0,10.0,10.0,10.0,10.0,4.0,1.0,10.0,4.0,10.0,3.0,10.0,10.0,3.0,5.0,10.0,10.0,10.0,5.0,5.0,10.0,10.0,1.0,10.0,6.0,10.0,1.0,9.0,10.0,10.0,10.0,6.0,10.0,9.0,3.0,10.0,4.0,8.0,10.0,10.0,1.0,1.0,1.0
2020-04-26,1.0,1.0,1.0,1.0,2.0,1.0,5.0,10.0,10.0,1.0,6.0,1.0,10.0,7.0,7.0,2.0,10.0,3.0,10.0,10.0,5.0,6.0,10.0,2.0,7.0,3.0,10.0,10.0,10.0,10.0,10.0,9.0,9.0,8.0,7.0,4.0,10.0,1.0,10.0,1.0,10.0,5.0,3.0,7.0,10.0,9.0,8.0,10.0,4.0,1.0,2.0,2.0,2.0,2.0,10.0,1.0,1.0,1.0
2020-05-03,7.0,1.0,1.0,1.0,1.0,10.0,1.0,6.0,5.0,1.0,2.0,1.0,2.0,2.0,4.0,1.0,10.0,10.0,10.0,9.0,4.0,1.0,9.0,4.0,8.0,1.0,10.0,10.0,3.0,1.0,10.0,10.0,3.0,10.0,8.0,2.0,5.0,2.0,9.0,10.0,7.0,4.0,6.0,3.0,10.0,10.0,3.0,10.0,3.0,3.0,6.0,1.0,9.0,10.0,5.0,1.0,1.0,1.0
2020-05-10,1.0,10.0,,10.0,10.0,4.0,1.0,3.0,10.0,1.0,1.0,5.0,7.0,1.0,6.0,10.0,10.0,6.0,10.0,3.0,1.0,1.0,3.0,1.0,3.0,4.0,10.0,10.0,4.0,1.0,10.0,1.0,4.0,2.0,5.0,10.0,7.0,2.0,4.0,3.0,6.0,1.0,1.0,1.0,7.0,8.0,5.0,9.0,4.0,1.0,6.0,6.0,4.0,10.0,7.0,1.0,1.0,1.0
2020-05-17,,,,,,,,,,,,,,,,,,,,,,,,,,,,,,,,,,,,,,,,,,,,,,,,,,,,,,,,,,
2020-05-24,,,,,,,,,,,,,,,,,,,,,,,,,,,,,,,,,,,,,,,,,,,,,,,,,,,,,,,,,,
2020-05-31,,,,,,,,,,,,,,,,,,,,,,,,,,,,,,,,,,,,,,,,,,,,,,,,,,,,,,,,,,
2020-06-07,,,,,,,,,,,,,,,,,,,,,,,,,,,,,,,,,,,,,,,,,,,,,,,,,,,,,,,,,,
2020-06-14,,,,,,,,,,,,,,,,,,,,,,,,,,,,,,,,,,,,,,,,,,,,,,,,,,,,,,,,,,
2020-06-21,,,,,,,,,,,,,,,,,,,,,,,,,,,,,,,,,,,,,,,,,,,,,,,,,,,,,,,,,,
2020-06-28,,,,,,,,,,,,,,,,,,,,,,,,,,,,,,,,,,,,,,,,,,,,,,,,,,,,,,,,,,
2020-07-05,,,,,,,,,,,,,,,,,,,,,,,,,,,,,,,,,,,,,,,,,,,,,,,,,,,,,,,,,,
2020-07-12,,,,,,,,,,,,,,,,,,,,,,,,,,,,,,,,,,,,,,,,,,,,,,,,,,,,,,,,,,
2020-07-19,,,,,,,,,,,,,,,,,,,,,,,,,,,,,,,,,,,,,,,,,,,,,,,,,,,,,,,,,,
2020-07-26,,,,,,,,,,,,,,,,,,,,,,,,,,,,,,,,,,,,,,,,,,,,,,,,,,,,,,,,,,
2020-08-02,,,,,,,,,,,,,,,,,,,,,,,,,,,,,,,,,,,,,,,,,,,,,,,,,,,,,,,,,,
2020-08-09,,,,,,,,,,,,,,,,,,,,,,,,,,,,,,,,,,,,,,,,,,,,,,,,,,,,,,,,,,
2020-08-16,,,,,,,,,,,,,,,,,,,,,,,,,,,,,,,,,,,,,,,,,,,,,,,,,,,,,,,,,,
2020-08-23,,,,,,,,,,,,,,,,,,,,,,,,,,,,,,,,,,,,,,,,,,,,,,,,,,,,,,,,,,
2020-08-30,,,,,,,,,,,,,,,,,,,,,,,,,,,,,,,,,,,,,,,,,,,,,,,,,,,,,,,,,,
2020-09-06,,,,,,,,,,,,,,,,,,,,,,,,,,,,,,,,,,,,,,,,,,,,,,,,,,,,,,,,,,
2020-09-13,,,,,,,,,,,,,,,,,,,,,,,,,,,,,,,,,,,,,,,,,,,,,,,,,,,,,,,,,,
2020-09-20,,,,,,,,,,,,,,,,,,,,,,,,,,,,,,,,,,,,,,,,,,,,,,,,,,,,,,,,,,
2020-09-27,5.0,1.0,1.0,10.0,1.0,3.0,1.0,1.0,1.0,1.0,1.0,1.0,1.0,1.0,2.0,6.0,7.0,1.0,5.0,1.0,1.0,1.0,1.0,1.0,2.0,1.0,4.0,3.0,2.0,1.0,3.0,10.0,1.0,4.0,1.0,1.0,1.0,1.0,1.0,1.0,6.0,1.0,1.0,1.0,1.0,1.0,1.0,7.0,1.0,1.0,7.0,2.0,4.0,1.0,3.0,1.0,1.0,1.0
2020-10-04,1.0,1.0,1.0,1.0,1.0,3.0,1.0,1.0,1.0,1.0,1.0,3.0,1.0,6.0,4.0,1.0,9.0,4.0,3.0,4.0,3.0,1.0,1.0,1.0,1.0,1.0,3.0,4.0,4.0,1.0,2.0,10.0,1.0,1.0,3.0,1.0,3.0,1.0,1.0,1.0,2.0,2.0,1.0,3.0,5.0,4.0,1.0,10.0,1.0,1.0,6.0,2.0,2.0,1.0,1.0,1.0,1.0,1.0
2020-10-11,6.0,1.0,1.0,1.0,1.0,2.0,1.0,1.0,1.0,1.0,1.0,1.0,1.0,1.0,1.0,4.0,1.0,1.0,1.0,1.0,1.0,1.0,1.0,1.0,1.0,1.0,1.0,1.0,2.0,1.0,3.0,1.0,1.0,1.0,6.0,5.0,1.0,1.0,1.0,1.0,1.0,3.0,1.0,1.0,2.0,2.0,1.0,3.0,1.0,1.0,1.0,3.0,1.0,1.0,1.0,1.0,1.0,1.0
2020-10-18,7.0,1.0,1.0,1.0,1.0,6.0,1.0,3.0,2.0,1.0,1.0,1.0,2.0,1.0,1.0,1.0,1.0,1.0,1.0,1.0,1.0,1.0,1.0,1.0,1.0,2.0,1.0,2.0,2.0,2.0,3.0,1.0,1.0,1.0,1.0,1.0,2.0,2.0,1.0,1.0,1.0,1.0,1.0,1.0,2.0,1.0,2.0,1.0,1.0,1.0,5.0,3.0,1.0,1.0,1.0,1.0,1.0,1.0
2020-10-25,7.0,10.0,1.0,1.0,1.0,1.0,1.0,1.0,3.0,1.0,1.0,3.0,3.0,1.0,4.0,7.0,1.0,2.0,2.0,2.0,1.0,2.0,1.0,2.0,1.0,1.0,1.0,8.0,1.0,1.0,4.0,1.0,2.0,4.0,1.0,1.0,1.0,1.0,6.0,1.0,1.0,1.0,4.0,1.0,4.0,3.0,1.0,1.0,7.0,1.0,1.0,1.0,1.0,3.0,1.0,1.0,1.0,1.0
2020-11-01,1.0,1.0,1.0,1.0,1.0,1.0,1.0,1.0,5.0,1.0,1.0,1.0,5.0,3.0,4.0,2.0,1.0,4.0,3.0,2.0,1.0,6.0,3.0,1.0,6.0,4.0,1.0,1.0,5.0,1.0,9.0,1.0,1.0,5.0,7.0,5.0,1.0,1.0,2.0,1.0,2.0,1.0,2.0,1.0,1.0,6.0,1.0,5.0,3.0,1.0,1.0,5.0,1.0,2.0,2.0,1.0,1.0,1.0
2020-11-08,1.0,1.0,1.0,1.0,1.0,4.0,1.0,4.0,4.0,1.0,1.0,2.0,1.0,2.0,1.0,8.0,2.0,2.0,1.0,3.0,3.0,3.0,2.0,1.0,4.0,2.0,5.0,4.0,1.0,2.0,4.0,1.0,4.0,1.0,2.0,6.0,5.0,1.0,4.0,1.0,1.0,2.0,4.0,1.0,1.0,1.0,4.0,1.0,1.0,1.0,10.0,2.0,2.0,3.0,1.0,1.0,1.0,1.0
2020-11-15,10.0,1.0,1.0,1.0,1.0,1.0,1.0,1.0,4.0,1.0,1.0,2.0,1.0,1.0,5.0,4.0,1.0,1.0,1.0,3.0,3.0,1.0,1.0,3.0,6.0,1.0,1.0,3.0,1.0,2.0,3.0,1.0,1.0,2.0,4.0,7.0,5.0,1.0,3.0,2.0,1.0,6.0,1.0,1.0,1.0,1.0,1.0,1.0,7.0,3.0,1.0,1.0,1.0,8.0,1.0,1.0,1.0,1.0
2020-11-22,7.0,1.0,1.0,1.0,1.0,1.0,1.0,2.0,2.0,1.0,1.0,1.0,2.0,3.0,4.0,3.0,1.0,1.0,2.0,1.0,4.0,2.0,1.0,1.0,2.0,1.0,2.0,4.0,1.0,1.0,1.0,1.0,2.0,2.0,1.0,9.0,4.0,1.0,2.0,1.0,2.0,1.0,4.0,1.0,1.0,5.0,6.0,6.0,1.0,1.0,1.0,1.0,1.0,1.0,1.0,1.0,1.0,1.0
2020-11-29,1.0,1.0,1.0,1.0,2.0,1.0,1.0,2.0,2.0,1.0,1.0,3.0,1.0,1.0,1.0,2.0,2.0,1.0,1.0,1.0,2.0,2.0,1.0,1.0,3.0,2.0,1.0,4.0,2.0,1.0,4.0,3.0,5.0,1.0,2.0,4.0,2.0,1.0,1.0,1.0,1.0,2.0,6.0,1.0,1.0,1.0,4.0,2.0,5.0,1.0,1.0,5.0,1.0,1.0,1.0,1.0,1.0,1.0
2020-12-06,1.0,1.0,1.0,1.0,1.0,1.0,1.0,1.0,2.0,1.0,1.0,1.0,2.0,1.0,1.0,1.0,5.0,1.0,4.0,1.0,1.0,1.0,1.0,3.0,1.0,1.0,3.0,3.0,1.0,1.0,3.0,1.0,3.0,2.0,2.0,1.0,1.0,1.0,1.0,1.0,1.0,2.0,1.0,1.0,3.0,1.0,2.0,1.0,1.0,1.0,1.0,3.0,1.0,1.0,1.0,1.0,1.0,1.0
2020-12-13,1.0,1.0,1.0,1.0,3.0,1.0,1.0,1.0,1.0,1.0,1.0,1.0,1.0,1.0,1.0,6.0,1.0,1.0,4.0,1.0,1.0,3.0,1.0,1.0,2.0,1.0,1.0,2.0,2.0,1.0,1.0,1.0,5.0,1.0,2.0,4.0,4.0,1.0,1.0,1.0,1.0,3.0,1.0,1.0,1.0,2.0,1.0,1.0,3.0,1.0,1.0,1.0,1.0,1.0,1.0,1.0,1.0,1.0
2020-12-20,1.0,1.0,1.0,1.0,1.0,1.0,1.0,3.0,1.0,1.0,1.0,1.0,1.0,1.0,1.0,4.0,1.0,1.0,1.0,1.0,1.0,1.0,1.0,1.0,2.0,1.0,1.0,3.0,1.0,3.0,2.0,1.0,1.0,2.0,2.0,2.0,1.0,1.0,1.0,3.0,1.0,1.0,1.0,1.0,1.0,1.0,1.0,1.0,4.0,1.0,2.0,1.0,1.0,1.0,1.0,1.0,1.0,1.0
2020-12-27,1.0,1.0,1.0,1.0,1.0,1.0,1.0,2.0,1.0,1.0,1.0,1.0,2.0,1.0,5.0,2.0,1.0,1.0,1.0,1.0,2.0,1.0,1.0,2.0,2.0,1.0,1.0,1.0,1.0,1.0,2.0,5.0,3.0,1.0,1.0,1.0,1.0,1.0,2.0,1.0,1.0,2.0,1.0,1.0,1.0,1.0,1.0,1.0,2.0,1.0,2.0,3.0,1.0,4.0,1.0,1.0,1.0,1.0
2021-01-03,1.0,1.0,1.0,1.0,1.0,1.0,2.0,1.0,3.0,1.0,1.0,1.0,2.0,1.0,1.0,7.0,1.0,1.0,1.0,1.0,1.0,1.0,1.0,1.0,1.0,2.0,2.0,1.0,1.0,1.0,1.0,1.0,2.0,1.0,1.0,1.0,1.0,1.0,1.0,1.0,1.0,1.0,1.0,1.0,1.0,1.0,1.0,2.0,2.0,1.0,1.0,3.0,1.0,1.0,1.0,1.0,1.0,1.0
2021-01-10,1.0,1.0,1.0,1.0,1.0,1.0,3.0,1.0,1.0,1.0,1.0,1.0,1.0,1.0,2.0,4.0,1.0,1.0,1.0,1.0,1.0,2.0,1.0,1.0,1.0,1.0,1.0,1.0,1.0,5.0,1.0,1.0,1.0,1.0,2.0,2.0,3.0,1.0,1.0,1.0,1.0,1.0,1.0,4.0,1.0,1.0,1.0,2.0,4.0,1.0,1.0,1.0,1.0,1.0,1.0,1.0,1.0,1.0
2021-01-17,1.0,1.0,1.0,1.0,1.0,1.0,1.0,1.0,1.0,1.0,3.0,1.0,1.0,1.0,2.0,2.0,1.0,1.0,3.0,1.0,2.0,1.0,1.0,1.0,1.0,1.0,1.0,1.0,2.0,1.0,1.0,1.0,1.0,1.0,1.0,1.0,1.0,1.0,1.0,1.0,1.0,1.0,5.0,1.0,1.0,2.0,1.0,1.0,1.0,1.0,1.0,1.0,1.0,1.0,1.0,1.0,1.0,1.0
2021-01-24,1.0,10.0,1.0,1.0,1.0,1.0,1.0,1.0,3.0,1.0,1.0,1.0,1.0,1.0,1.0,1.0,1.0,1.0,1.0,1.0,1.0,1.0,1.0,1.0,2.0,1.0,1.0,1.0,1.0,1.0,1.0,1.0,1.0,1.0,1.0,1.0,1.0,2.0,1.0,1.0,1.0,1.0,1.0,1.0,1.0,1.0,1.0,1.0,1.0,1.0,1.0,1.0,1.0,1.0,1.0,1.0,1.0,1.0
2021-01-31,1.0,1.0,1.0,1.0,1.0,1.0,1.0,1.0,1.0,1.0,1.0,1.0,1.0,1.0,1.0,4.0,1.0,1.0,1.0,2.0,1.0,1.0,1.0,1.0,1.0,1.0,1.0,2.0,1.0,1.0,1.0,1.0,1.0,1.0,6.0,1.0,1.0,1.0,1.0,1.0,1.0,1.0,2.0,1.0,1.0,1.0,1.0,1.0,2.0,1.0,1.0,1.0,1.0,3.0,3.0,1.0,1.0,1.0
2021-02-07,1.0,1.0,1.0,1.0,1.0,5.0,1.0,1.0,1.0,1.0,1.0,1.0,1.0,1.0,1.0,1.0,1.0,1.0,1.0,1.0,1.0,1.0,1.0,1.0,1.0,1.0,1.0,1.0,1.0,1.0,1.0,1.0,1.0,1.0,1.0,1.0,1.0,1.0,1.0,3.0,1.0,1.0,1.0,1.0,1.0,1.0,1.0,1.0,1.0,1.0,1.0,1.0,1.0,2.0,1.0,1.0,1.0,1.0
2021-02-14,8.0,1.0,1.0,1.0,1.0,1.0,1.0,1.0,1.0,1.0,1.0,1.0,1.0,1.0,1.0,1.0,1.0,1.0,1.0,1.0,1.0,1.0,1.0,1.0,1.0,1.0,1.0,2.0,1.0,1.0,1.0,1.0,1.0,1.0,1.0,1.0,1.0,1.0,1.0,1.0,1.0,2.0,1.0,1.0,1.0,1.0,1.0,1.0,1.0,1.0,1.0,1.0,1.0,1.0,1.0,1.0,1.0,1.0
2021-02-21,1.0,1.0,1.0,1.0,1.0,3.0,1.0,1.0,1.0,1.0,1.0,1.0,1.0,1.0,1.0,1.0,1.0,1.0,1.0,1.0,1.0,1.0,1.0,1.0,1.0,1.0,1.0,1.0,1.0,1.0,1.0,1.0,1.0,1.0,1.0,1.0,1.0,1.0,1.0,1.0,1.0,1.0,1.0,1.0,1.0,1.0,1.0,1.0,1.0,1.0,1.0,1.0,1.0,1.0,1.0,1.0,1.0,1.0
2021-02-28,1.0,1.0,1.0,1.0,1.0,10.0,1.0,1.0,1.0,1.0,1.0,1.0,1.0,1.0,1.0,1.0,1.0,1.0,1.0,1.0,1.0,1.0,1.0,1.0,1.0,1.0,1.0,1.0,1.0,1.0,1.0,1.0,1.0,1.0,1.0,1.0,1.0,1.0,2.0,1.0,1.0,1.0,1.0,1.0,1.0,1.0,1.0,1.0,2.0,1.0,1.0,1.0,1.0,1.0,1.0,1.0,1.0,1.0
2021-03-07,1.0,1.0,1.0,10.0,2.0,1.0,1.0,3.0,1.0,1.0,1.0,1.0,1.0,1.0,2.0,1.0,1.0,1.0,1.0,1.0,1.0,1.0,1.0,1.0,1.0,1.0,1.0,1.0,1.0,1.0,1.0,1.0,1.0,2.0,1.0,1.0,1.0,1.0,1.0,1.0,1.0,1.0,1.0,1.0,1.0,1.0,1.0,1.0,1.0,1.0,1.0,1.0,1.0,1.0,1.0,1.0,1.0,1.0
2021-03-14,1.0,1.0,1.0,1.0,1.0,1.0,1.0,1.0,1.0,1.0,1.0,1.0,1.0,1.0,1.0,3.0,1.0,1.0,1.0,1.0,1.0,1.0,1.0,1.0,1.0,1.0,1.0,1.0,1.0,1.0,1.0,1.0,1.0,2.0,1.0,1.0,1.0,1.0,1.0,1.0,1.0,1.0,1.0,1.0,1.0,1.0,1.0,1.0,2.0,10.0,1.0,3.0,1.0,1.0,1.0,1.0,1.0,1.0
2021-03-21,1.0,1.0,1.0,1.0,1.0,1.0,1.0,1.0,1.0,1.0,1.0,1.0,1.0,1.0,1.0,1.0,1.0,1.0,1.0,1.0,1.0,1.0,1.0,1.0,1.0,1.0,1.0,1.0,1.0,3.0,1.0,1.0,1.0,1.0,1.0,1.0,1.0,1.0,3.0,4.0,1.0,4.0,1.0,1.0,1.0,1.0,1.0,1.0,4.0,1.0,1.0,1.0,1.0,1.0,1.0,1.0,1.0,1.0
2021-03-28,1.0,1.0,1.0,1.0,1.0,1.0,1.0,1.0,1.0,1.0,1.0,1.0,1.0,1.0,1.0,3.0,1.0,1.0,1.0,1.0,1.0,1.0,1.0,1.0,1.0,1.0,1.0,4.0,3.0,1.0,1.0,1.0,1.0,1.0,1.0,3.0,1.0,1.0,1.0,1.0,1.0,1.0,1.0,1.0,3.0,3.0,1.0,1.0,1.0,1.0,1.0,1.0,1.0,4.0,1.0,1.0,1.0,1.0
2021-04-04,1.0,1.0,1.0,1.0,1.0,2.0,2.0,1.0,2.0,1.0,1.0,3.0,1.0,1.0,1.0,3.0,1.0,2.0,2.0,1.0,1.0,1.0,1.0,1.0,1.0,1.0,1.0,1.0,1.0,2.0,1.0,10.0,1.0,3.0,2.0,1.0,1.0,1.0,1.0,1.0,3.0,1.0,3.0,1.0,1.0,2.0,2.0,1.0,2.0,1.0,1.0,3.0,1.0,6.0,1.0,1.0,1.0,1.0
2021-04-11,1.0,1.0,1.0,1.0,1.0,1.0,1.0,1.0,1.0,2.0,1.0,1.0,1.0,1.0,3.0,1.0,1.0,1.0,2.0,1.0,1.0,1.0,1.0,1.0,1.0,1.0,1.0,1.0,1.0,1.0,2.0,3.0,1.0,1.0,2.0,1.0,1.0,1.0,1.0,2.0,1.0,1.0,1.0,1.0,1.0,2.0,3.0,1.0,1.0,1.0,1.0,6.0,1.0,3.0,1.0,1.0,1.0,1.0
2021-04-18,1.0,1.0,1.0,10.0,1.0,1.0,1.0,1.0,2.0,1.0,3.0,1.0,1.0,1.0,1.0,1.0,1.0,1.0,2.0,2.0,3.0,4.0,1.0,1.0,1.0,1.0,1.0,1.0,1.0,1.0,3.0,1.0,1.0,3.0,6.0,1.0,1.0,1.0,1.0,1.0,1.0,1.0,1.0,1.0,1.0,7.0,2.0,1.0,1.0,1.0,1.0,3.0,1.0,1.0,2.0,9.0,1.0,1.0
2021-04-25,1.0,1.0,1.0,1.0,1.0,2.0,1.0,1.0,1.0,1.0,1.0,1.0,1.0,1.0,1.0,5.0,1.0,1.0,2.0,3.0,4.0,3.0,1.0,2.0,1.0,1.0,1.0,1.0,1.0,1.0,2.0,1.0,1.0,4.0,1.0,1.0,2.0,1.0,1.0,2.0,1.0,2.0,1.0,3.0,1.0,1.0,2.0,1.0,1.0,1.0,1.0,3.0,1.0,1.0,1.0,1.0,1.0,1.0
2021-05-02,1.0,1.0,1.0,1.0,1.0,1.0,1.0,1.0,1.0,1.0,1.0,1.0,1.0,1.0,3.0,1.0,1.0,1.0,3.0,1.0,1.0,1.0,1.0,1.0,1.0,1.0,1.0,1.0,1.0,1.0,2.0,1.0,1.0,1.0,2.0,1.0,1.0,1.0,4.0,1.0,1.0,1.0,2.0,1.0,1.0,5.0,1.0,1.0,2.0,1.0,1.0,1.0,1.0,2.0,1.0,1.0,1.0,1.0
2021-05-09,1.0,1.0,1.0,1.0,1.0,1.0,1.0,1.0,2.0,1.0,1.0,1.0,1.0,1.0,1.0,2.0,2.0,1.0,3.0,1.0,2.0,1.0,1.0,1.0,1.0,1.0,1.0,1.0,1.0,1.0,1.0,1.0,2.0,1.0,5.0,1.0,1.0,1.0,1.0,1.0,1.0,1.0,2.0,1.0,1.0,1.0,2.0,2.0,3.0,1.0,1.0,2.0,1.0,1.0,1.0,1.0,1.0,1.0
2021-05-16,1.0,1.0,1.0,1.0,1.0,4.0,3.0,1.0,1.0,2.0,1.0,1.0,1.0,1.0,3.0,1.0,1.0,1.0,2.0,2.0,1.0,1.0,1.0,1.0,2.0,1.0,1.0,1.0,1.0,2.0,1.0,1.0,1.0,1.0,3.0,2.0,2.0,1.0,1.0,1.0,1.0,1.0,4.0,1.0,1.0,2.0,2.0,1.0,2.0,1.0,1.0,1.0,1.0,1.0,1.0,1.0,1.0,1.0
2021-05-23,1.0,1.0,1.0,1.0,1.0,1.0,1.0,1.0,2.0,1.0,1.0,1.0,1.0,1.0,2.0,1.0,3.0,1.0,1.0,1.0,3.0,2.0,1.0,1.0,1.0,1.0,2.0,1.0,1.0,1.0,2.0,3.0,1.0,2.0,2.0,1.0,1.0,1.0,1.0,2.0,1.0,1.0,1.0,1.0,1.0,2.0,1.0,1.0,2.0,1.0,1.0,1.0,1.0,1.0,1.0,1.0,1.0,1.0
2021-05-30,1.0,1.0,1.0,1.0,1.0,8.0,1.0,1.0,1.0,1.0,1.0,1.0,1.0,1.0,1.0,1.0,1.0,1.0,1.0,1.0,1.0,2.0,1.0,1.0,1.0,1.0,1.0,1.0,1.0,1.0,1.0,4.0,2.0,1.0,3.0,1.0,1.0,1.0,1.0,3.0,1.0,1.0,1.0,2.0,1.0,1.0,1.0,1.0,2.0,1.0,1.0,6.0,1.0,1.0,1.0,1.0,1.0,1.0
2021-06-06,1.0,1.0,1.0,1.0,1.0,3.0,1.0,1.0,1.0,1.0,1.0,1.0,1.0,1.0,1.0,1.0,1.0,1.0,1.0,1.0,1.0,1.0,1.0,1.0,1.0,1.0,1.0,1.0,1.0,1.0,1.0,1.0,1.0,1.0,2.0,1.0,1.0,1.0,1.0,1.0,1.0,1.0,1.0,1.0,1.0,1.0,1.0,1.0,2.0,1.0,1.0,1.0,1.0,1.0,1.0,1.0,1.0,1.0
2021-06-13,3.0,1.0,1.0,1.0,1.0,1.0,1.0,1.0,5.0,1.0,1.0,1.0,1.0,1.0,2.0,1.0,1.0,1.0,1.0,1.0,2.0,1.0,1.0,1.0,1.0,1.0,1.0,2.0,1.0,1.0,1.0,1.0,1.0,1.0,1.0,1.0,1.0,1.0,1.0,1.0,3.0,1.0,1.0,1.0,1.0,1.0,1.0,1.0,1.0,1.0,1.0,1.0,1.0,1.0,1.0,1.0,1.0,1.0
2021-06-20,5.0,1.0,1.0,1.0,1.0,2.0,1.0,1.0,1.0,1.0,1.0,1.0,1.0,1.0,4.0,3.0,1.0,1.0,1.0,2.0,1.0,1.0,1.0,2.0,1.0,2.0,1.0,1.0,1.0,1.0,1.0,1.0,1.0,1.0,1.0,1.0,1.0,1.0,1.0,2.0,1.0,1.0,1.0,2.0,1.0,1.0,1.0,1.0,2.0,1.0,1.0,1.0,1.0,1.0,1.0,1.0,1.0,1.0
2021-06-27,1.0,1.0,1.0,1.0,1.0,2.0,1.0,3.0,1.0,1.0,1.0,1.0,1.0,1.0,1.0,1.0,1.0,1.0,1.0,1.0,1.0,1.0,2.0,1.0,1.0,1.0,1.0,1.0,1.0,1.0,1.0,1.0,1.0,2.0,4.0,1.0,1.0,1.0,1.0,1.0,1.0,1.0,2.0,1.0,1.0,2.0,1.0,1.0,1.0,1.0,1.0,1.0,1.0,1.0,1.0,1.0,1.0,1.0
2021-07-04,1.0,1.0,1.0,1.0,1.0,5.0,1.0,1.0,2.0,1.0,1.0,1.0,1.0,1.0,1.0,1.0,1.0,1.0,1.0,1.0,1.0,2.0,1.0,1.0,1.0,2.0,1.0,1.0,1.0,7.0,1.0,1.0,1.0,4.0,1.0,1.0,1.0,1.0,1.0,1.0,2.0,1.0,1.0,1.0,1.0,1.0,1.0,1.0,4.0,3.0,1.0,6.0,1.0,1.0,3.0,1.0,1.0,1.0
2021-07-11,1.0,1.0,1.0,1.0,1.0,5.0,1.0,2.0,4.0,1.0,4.0,1.0,1.0,1.0,1.0,1.0,1.0,1.0,2.0,1.0,1.0,1.0,3.0,3.0,2.0,1.0,1.0,1.0,1.0,1.0,2.0,4.0,1.0,1.0,1.0,3.0,1.0,1.0,2.0,1.0,2.0,4.0,1.0,1.0,1.0,1.0,1.0,1.0,1.0,1.0,1.0,4.0,1.0,1.0,2.0,10.0,1.0,1.0
2021-07-18,1.0,1.0,1.0,10.0,1.0,1.0,2.0,4.0,4.0,1.0,1.0,1.0,1.0,1.0,2.0,1.0,1.0,1.0,1.0,1.0,2.0,1.0,1.0,1.0,1.0,1.0,3.0,1.0,1.0,2.0,3.0,3.0,1.0,1.0,2.0,1.0,2.0,1.0,1.0,1.0,1.0,1.0,1.0,1.0,2.0,2.0,1.0,1.0,4.0,1.0,1.0,4.0,1.0,1.0,2.0,10.0,1.0,1.0
2021-07-25,1.0,1.0,1.0,1.0,1.0,1.0,1.0,1.0,2.0,2.0,1.0,1.0,1.0,1.0,2.0,1.0,1.0,1.0,3.0,1.0,2.0,1.0,1.0,1.0,1.0,1.0,1.0,1.0,1.0,1.0,1.0,10.0,1.0,3.0,5.0,3.0,2.0,1.0,2.0,1.0,1.0,1.0,2.0,1.0,1.0,2.0,2.0,1.0,3.0,1.0,1.0,1.0,1.0,1.0,1.0,1.0,1.0,1.0
2021-08-01,1.0,1.0,10.0,1.0,1.0,1.0,1.0,1.0,1.0,1.0,2.0,1.0,1.0,1.0,1.0,2.0,1.0,2.0,2.0,1.0,2.0,1.0,1.0,1.0,1.0,2.0,1.0,2.0,1.0,1.0,2.0,1.0,2.0,2.0,4.0,1.0,4.0,1.0,2.0,1.0,1.0,1.0,2.0,1.0,3.0,2.0,1.0,1.0,2.0,3.0,1.0,1.0,1.0,1.0,1.0,9.0,1.0,1.0
2021-08-08,1.0,9.0,1.0,1.0,1.0,1.0,1.0,2.0,1.0,2.0,1.0,1.0,2.0,1.0,2.0,1.0,2.0,1.0,3.0,2.0,1.0,5.0,2.0,3.0,1.0,1.0,1.0,1.0,1.0,1.0,4.0,1.0,4.0,4.0,2.0,1.0,4.0,1.0,1.0,1.0,1.0,2.0,2.0,1.0,1.0,1.0,1.0,1.0,1.0,1.0,1.0,3.0,1.0,3.0,1.0,10.0,1.0,1.0
2021-08-15,1.0,1.0,1.0,1.0,1.0,5.0,1.0,3.0,4.0,1.0,2.0,1.0,1.0,1.0,3.0,3.0,1.0,1.0,2.0,1.0,1.0,1.0,1.0,1.0,1.0,1.0,1.0,2.0,1.0,2.0,2.0,6.0,2.0,3.0,3.0,1.0,1.0,1.0,1.0,1.0,1.0,1.0,1.0,1.0,1.0,2.0,1.0,1.0,4.0,1.0,1.0,3.0,1.0,4.0,2.0,6.0,1.0,1.0
2021-08-22,1.0,1.0,1.0,1.0,4.0,1.0,2.0,1.0,1.0,2.0,1.0,1.0,1.0,1.0,4.0,1.0,5.0,1.0,3.0,2.0,3.0,1.0,3.0,2.0,1.0,1.0,3.0,1.0,2.0,2.0,1.0,10.0,1.0,4.0,1.0,2.0,1.0,1.0,2.0,1.0,2.0,2.0,1.0,1.0,1.0,5.0,1.0,3.0,3.0,1.0,1.0,1.0,1.0,4.0,1.0,8.0,1.0,1.0
2021-08-29,1.0,1.0,1.0,1.0,1.0,2.0,1.0,4.0,3.0,1.0,2.0,2.0,1.0,1.0,2.0,1.0,3.0,1.0,4.0,2.0,3.0,2.0,2.0,1.0,1.0,1.0,2.0,2.0,4.0,1.0,5.0,1.0,1.0,7.0,2.0,2.0,3.0,1.0,2.0,1.0,1.0,2.0,2.0,2.0,1.0,3.0,2.0,1.0,3.0,1.0,1.0,5.0,1.0,4.0,1.0,1.0,1.0,1.0
2021-09-05,1.0,1.0,1.0,1.0,1.0,2.0,1.0,1.0,1.0,1.0,1.0,4.0,1.0,1.0,3.0,2.0,3.0,2.0,3.0,1.0,2.0,2.0,6.0,3.0,4.0,2.0,3.0,4.0,1.0,3.0,5.0,3.0,1.0,5.0,3.0,5.0,1.0,1.0,1.0,6.0,2.0,1.0,5.0,1.0,1.0,1.0,5.0,1.0,6.0,1.0,1.0,4.0,1.0,4.0,1.0,1.0,1.0,1.0
2021-09-12,1.0,1.0,1.0,1.0,1.0,1.0,1.0,2.0,2.0,1.0,1.0,3.0,1.0,1.0,3.0,4.0,3.0,1.0,3.0,1.0,1.0,3.0,3.0,3.0,1.0,2.0,3.0,2.0,1.0,1.0,1.0,1.0,1.0,3.0,2.0,1.0,4.0,1.0,1.0,1.0,2.0,2.0,2.0,1.0,1.0,3.0,1.0,2.0,5.0,1.0,1.0,4.0,1.0,1.0,1.0,1.0,1.0,1.0
2021-09-19,1.0,1.0,1.0,1.0,1.0,2.0,1.0,1.0,8.0,1.0,5.0,1.0,1.0,1.0,1.0,2.0,2.0,1.0,1.0,1.0,1.0,1.0,1.0,1.0,1.0,1.0,2.0,2.0,1.0,1.0,2.0,3.0,1.0,3.0,2.0,4.0,3.0,1.0,1.0,1.0,1.0,1.0,1.0,1.0,2.0,2.0,1.0,2.0,3.0,1.0,3.0,7.0,1.0,5.0,1.0,8.0,1.0,1.0
2021-09-26,1.0,1.0,1.0,1.0,3.0,4.0,1.0,1.0,4.0,1.0,1.0,1.0,1.0,1.0,3.0,4.0,2.0,1.0,1.0,1.0,5.0,1.0,1.0,2.0,1.0,2.0,2.0,4.0,2.0,1.0,3.0,1.0,5.0,2.0,5.0,1.0,3.0,1.0,1.0,5.0,1.0,3.0,4.0,5.0,1.0,1.0,2.0,1.0,1.0,1.0,1.0,10.0,1.0,1.0,2.0,1.0,1.0,1.0
2021-10-03,6.0,1.0,10.0,1.0,1.0,3.0,1.0,1.0,4.0,1.0,1.0,1.0,1.0,1.0,4.0,3.0,2.0,1.0,2.0,1.0,1.0,1.0,1.0,1.0,1.0,1.0,1.0,2.0,1.0,5.0,7.0,10.0,2.0,4.0,6.0,4.0,2.0,1.0,1.0,1.0,2.0,2.0,1.0,1.0,1.0,2.0,2.0,3.0,5.0,1.0,1.0,10.0,1.0,5.0,1.0,1.0,1.0,1.0
2021-10-10,1.0,1.0,1.0,1.0,2.0,1.0,1.0,4.0,5.0,1.0,1.0,1.0,1.0,1.0,1.0,1.0,3.0,1.0,5.0,2.0,2.0,1.0,1.0,2.0,1.0,3.0,1.0,3.0,2.0,1.0,4.0,5.0,1.0,3.0,2.0,5.0,3.0,1.0,1.0,1.0,1.0,1.0,4.0,1.0,1.0,4.0,8.0,1.0,3.0,1.0,1.0,1.0,1.0,1.0,3.0,1.0,1.0,1.0
2021-10-17,1.0,1.0,1.0,1.0,1.0,1.0,1.0,1.0,1.0,1.0,1.0,5.0,2.0,1.0,1.0,1.0,1.0,1.0,3.0,3.0,3.0,1.0,3.0,3.0,1.0,1.0,4.0,3.0,4.0,1.0,3.0,6.0,1.0,3.0,5.0,4.0,2.0,1.0,1.0,3.0,1.0,1.0,1.0,1.0,9.0,1.0,2.0,1.0,5.0,1.0,1.0,1.0,1.0,1.0,1.0,1.0,1.0,1.0
2021-10-24,1.0,1.0,1.0,1.0,1.0,6.0,2.0,2.0,6.0,1.0,1.0,4.0,1.0,1.0,4.0,1.0,6.0,1.0,2.0,6.0,5.0,3.0,1.0,1.0,1.0,1.0,1.0,1.0,10.0,1.0,3.0,4.0,3.0,7.0,7.0,6.0,5.0,1.0,2.0,1.0,2.0,4.0,1.0,1.0,6.0,3.0,6.0,1.0,9.0,1.0,1.0,1.0,1.0,1.0,1.0,1.0,1.0,1.0
2021-10-31,1.0,1.0,1.0,1.0,1.0,1.0,10.0,1.0,2.0,1.0,1.0,1.0,1.0,1.0,6.0,1.0,2.0,1.0,2.0,4.0,2.0,3.0,4.0,1.0,1.0,4.0,2.0,3.0,3.0,1.0,4.0,4.0,1.0,5.0,2.0,1.0,1.0,1.0,2.0,1.0,5.0,5.0,3.0,4.0,1.0,3.0,1.0,1.0,1.0,4.0,2.0,1.0,1.0,3.0,1.0,1.0,1.0,1.0
2021-11-07,4.0,1.0,1.0,1.0,1.0,1.0,3.0,4.0,5.0,1.0,1.0,1.0,1.0,1.0,1.0,1.0,5.0,1.0,2.0,1.0,6.0,1.0,3.0,3.0,1.0,1.0,2.0,2.0,9.0,1.0,6.0,6.0,3.0,4.0,7.0,4.0,3.0,1.0,2.0,2.0,1.0,1.0,7.0,1.0,3.0,5.0,2.0,1.0,4.0,1.0,1.0,3.0,1.0,4.0,1.0,1.0,1.0,1.0
2021-11-14,1.0,1.0,1.0,1.0,1.0,1.0,1.0,2.0,3.0,1.0,1.0,1.0,1.0,1.0,2.0,4.0,7.0,1.0,2.0,2.0,1.0,1.0,2.0,1.0,1.0,1.0,5.0,3.0,3.0,1.0,8.0,3.0,3.0,2.0,5.0,1.0,4.0,1.0,1.0,1.0,1.0,6.0,1.0,1.0,1.0,5.0,2.0,1.0,2.0,1.0,1.0,9.0,1.0,1.0,1.0,1.0,1.0,1.0
2021-11-21,1.0,1.0,1.0,10.0,7.0,5.0,1.0,1.0,6.0,1.0,1.0,6.0,1.0,1.0,10.0,4.0,1.0,2.0,5.0,4.0,1.0,4.0,4.0,1.0,1.0,1.0,1.0,2.0,4.0,3.0,4.0,10.0,1.0,4.0,5.0,3.0,6.0,1.0,3.0,1.0,9.0,2.0,5.0,1.0,2.0,3.0,2.0,7.0,3.0,1.0,1.0,10.0,1.0,2.0,1.0,1.0,1.0,1.0
2021-11-28,1.0,10.0,1.0,1.0,2.0,4.0,1.0,1.0,2.0,1.0,1.0,5.0,1.0,1.0,10.0,4.0,4.0,1.0,2.0,3.0,6.0,2.0,2.0,3.0,1.0,3.0,1.0,7.0,1.0,2.0,5.0,3.0,1.0,1.0,9.0,9.0,1.0,1.0,2.0,9.0,2.0,7.0,7.0,5.0,4.0,7.0,4.0,1.0,8.0,1.0,1.0,1.0,3.0,4.0,1.0,1.0,1.0,1.0
2021-12-05,1.0,1.0,1.0,1.0,1.0,9.0,4.0,5.0,9.0,3.0,1.0,3.0,7.0,1.0,7.0,3.0,5.0,6.0,8.0,4.0,1.0,1.0,7.0,6.0,1.0,2.0,3.0,6.0,1.0,1.0,4.0,9.0,3.0,7.0,10.0,10.0,6.0,1.0,1.0,1.0,1.0,8.0,4.0,1.0,1.0,10.0,5.0,4.0,2.0,1.0,4.0,10.0,1.0,8.0,1.0,1.0,1.0,1.0
2021-12-12,1.0,1.0,1.0,1.0,8.0,2.0,1.0,3.0,8.0,1.0,9.0,1.0,1.0,1.0,10.0,10.0,7.0,3.0,9.0,9.0,4.0,9.0,10.0,6.0,1.0,3.0,5.0,5.0,1.0,2.0,5.0,2.0,6.0,10.0,10.0,6.0,2.0,6.0,5.0,10.0,5.0,8.0,3.0,1.0,1.0,10.0,7.0,1.0,10.0,1.0,4.0,5.0,1.0,6.0,1.0,1.0,1.0,1.0
2021-12-19,10.0,1.0,1.0,1.0,10.0,10.0,10.0,9.0,10.0,8.0,1.0,10.0,10.0,1.0,10.0,10.0,10.0,9.0,10.0,10.0,10.0,4.0,10.0,10.0,5.0,3.0,6.0,10.0,8.0,2.0,9.0,10.0,6.0,10.0,10.0,7.0,5.0,10.0,7.0,2.0,10.0,10.0,9.0,10.0,8.0,10.0,10.0,10.0,10.0,1.0,2.0,9.0,7.0,3.0,1.0,10.0,1.0,1.0
2021-12-26,1.0,1.0,1.0,10.0,10.0,10.0,1.0,9.0,10.0,10.0,1.0,7.0,8.0,1.0,10.0,10.0,8.0,7.0,10.0,10.0,8.0,2.0,10.0,6.0,10.0,10.0,10.0,10.0,10.0,1.0,10.0,10.0,5.0,10.0,10.0,9.0,7.0,9.0,6.0,2.0,10.0,10.0,10.0,4.0,1.0,10.0,10.0,10.0,10.0,3.0,2.0,6.0,1.0,10.0,3.0,1.0,1.0,1.0
2022-01-02,1.0,10.0,1.0,1.0,1.0,6.0,1.0,7.0,6.0,1.0,3.0,3.0,10.0,1.0,10.0,10.0,2.0,2.0,9.0,1.0,10.0,2.0,10.0,8.0,7.0,4.0,4.0,5.0,5.0,1.0,6.0,10.0,7.0,10.0,9.0,7.0,6.0,5.0,6.0,1.0,1.0,10.0,10.0,7.0,1.0,4.0,4.0,4.0,8.0,1.0,10.0,2.0,1.0,9.0,8.0,10.0,1.0,1.0
2022-01-09,1.0,1.0,1.0,1.0,9.0,1.0,1.0,1.0,4.0,1.0,1.0,1.0,4.0,1.0,2.0,2.0,2.0,2.0,2.0,4.0,1.0,1.0,4.0,1.0,1.0,1.0,3.0,6.0,1.0,2.0,7.0,1.0,4.0,6.0,1.0,4.0,1.0,4.0,4.0,1.0,1.0,4.0,10.0,1.0,1.0,1.0,1.0,1.0,1.0,1.0,1.0,10.0,1.0,4.0,1.0,1.0,1.0,1.0
2022-01-16,9.0,1.0,1.0,1.0,2.0,1.0,1.0,2.0,1.0,1.0,1.0,1.0,1.0,1.0,1.0,1.0,1.0,1.0,1.0,1.0,1.0,1.0,2.0,1.0,4.0,1.0,1.0,1.0,1.0,3.0,1.0,1.0,1.0,2.0,3.0,2.0,1.0,1.0,1.0,1.0,1.0,2.0,3.0,2.0,1.0,1.0,1.0,1.0,1.0,1.0,1.0,5.0,1.0,3.0,1.0,1.0,1.0,1.0
2022-01-23,1.0,1.0,1.0,1.0,2.0,1.0,1.0,1.0,2.0,1.0,1.0,3.0,6.0,1.0,2.0,1.0,1.0,1.0,4.0,1.0,1.0,2.0,1.0,1.0,1.0,1.0,1.0,2.0,1.0,1.0,1.0,1.0,1.0,7.0,3.0,1.0,1.0,1.0,1.0,1.0,2.0,1.0,1.0,1.0,1.0,3.0,1.0,1.0,1.0,6.0,3.0,1.0,1.0,1.0,1.0,1.0,1.0,1.0
2022-01-30,1.0,1.0,1.0,1.0,1.0,1.0,1.0,1.0,1.0,1.0,1.0,1.0,1.0,1.0,1.0,1.0,1.0,1.0,1.0,1.0,1.0,1.0,1.0,1.0,1.0,1.0,1.0,1.0,1.0,4.0,1.0,6.0,1.0,1.0,1.0,1.0,1.0,1.0,1.0,1.0,1.0,1.0,4.0,1.0,1.0,1.0,1.0,1.0,1.0,1.0,1.0,4.0,1.0,1.0,1.0,10.0,1.0,1.0
2022-02-06,1.0,10.0,1.0,1.0,2.0,5.0,1.0,1.0,1.0,1.0,5.0,1.0,1.0,1.0,2.0,1.0,1.0,1.0,1.0,1.0,1.0,1.0,1.0,1.0,1.0,1.0,1.0,2.0,1.0,1.0,1.0,1.0,1.0,3.0,1.0,3.0,1.0,1.0,1.0,1.0,1.0,1.0,2.0,1.0,1.0,1.0,1.0,1.0,1.0,1.0,1.0,1.0,1.0,1.0,1.0,1.0,1.0,1.0
2022-02-13,1.0,1.0,1.0,1.0,1.0,6.0,5.0,1.0,1.0,1.0,1.0,2.0,1.0,1.0,1.0,4.0,1.0,1.0,1.0,2.0,1.0,1.0,1.0,1.0,1.0,1.0,1.0,1.0,1.0,3.0,1.0,1.0,2.0,1.0,1.0,2.0,1.0,1.0,3.0,1.0,1.0,1.0,1.0,1.0,1.0,1.0,1.0,1.0,8.0,1.0,1.0,1.0,1.0,1.0,1.0,1.0,1.0,1.0
2022-02-20,5.0,1.0,1.0,1.0,1.0,1.0,1.0,1.0,4.0,1.0,1.0,1.0,1.0,1.0,1.0,2.0,1.0,1.0,1.0,1.0,1.0,1.0,1.0,1.0,1.0,1.0,1.0,1.0,1.0,3.0,1.0,7.0,2.0,1.0,1.0,1.0,1.0,1.0,2.0,1.0,1.0,2.0,3.0,1.0,1.0,1.0,1.0,1.0,3.0,1.0,1.0,1.0,1.0,1.0,1.0,1.0,1.0,1.0
2022-02-27,1.0,1.0,1.0,1.0,1.0,4.0,1.0,1.0,1.0,1.0,1.0,1.0,1.0,1.0,1.0,1.0,1.0,1.0,2.0,1.0,1.0,1.0,1.0,1.0,1.0,1.0,1.0,1.0,1.0,1.0,1.0,6.0,1.0,3.0,7.0,1.0,1.0,1.0,1.0,1.0,1.0,1.0,1.0,1.0,1.0,1.0,1.0,1.0,1.0,5.0,1.0,2.0,1.0,1.0,1.0,1.0,1.0,1.0
2022-03-06,1.0,1.0,1.0,1.0,1.0,3.0,1.0,1.0,7.0,1.0,1.0,1.0,2.0,1.0,2.0,7.0,1.0,1.0,1.0,1.0,2.0,1.0,2.0,1.0,1.0,1.0,1.0,3.0,1.0,3.0,1.0,4.0,2.0,2.0,4.0,2.0,1.0,1.0,1.0,1.0,1.0,1.0,3.0,1.0,2.0,3.0,1.0,1.0,1.0,4.0,1.0,1.0,1.0,1.0,1.0,1.0,1.0,1.0
2022-03-13,1.0,1.0,1.0,1.0,4.0,1.0,1.0,5.0,2.0,1.0,4.0,1.0,1.0,1.0,1.0,7.0,1.0,1.0,1.0,1.0,3.0,1.0,3.0,1.0,1.0,2.0,1.0,2.0,1.0,1.0,2.0,4.0,1.0,1.0,5.0,2.0,2.0,1.0,2.0,1.0,1.0,1.0,3.0,1.0,4.0,3.0,1.0,1.0,2.0,1.0,1.0,1.0,1.0,2.0,5.0,1.0,1.0,1.0
2022-03-20,1.0,1.0,1.0,1.0,2.0,1.0,1.0,1.0,6.0,1.0,9.0,1.0,1.0,1.0,4.0,3.0,2.0,1.0,2.0,4.0,3.0,2.0,4.0,7.0,1.0,6.0,1.0,8.0,2.0,1.0,6.0,5.0,2.0,7.0,7.0,1.0,4.0,2.0,1.0,9.0,3.0,6.0,1.0,3.0,1.0,2.0,1.0,1.0,1.0,1.0,1.0,1.0,1.0,3.0,1.0,1.0,1.0,1.0
2022-03-27,10.0,1.0,1.0,1.0,1.0,5.0,1.0,4.0,4.0,4.0,1.0,1.0,1.0,1.0,6.0,6.0,1.0,1.0,2.0,5.0,2.0,6.0,5.0,5.0,1.0,1.0,1.0,2.0,1.0,3.0,6.0,10.0,3.0,2.0,9.0,1.0,2.0,1.0,2.0,3.0,5.0,3.0,1.0,1.0,2.0,5.0,2.0,4.0,4.0,1.0,1.0,1.0,1.0,2.0,5.0,1.0,1.0,1.0
2022-04-03,1.0,10.0,1.0,1.0,4.0,4.0,3.0,2.0,6.0,1.0,1.0,1.0,1.0,1.0,4.0,10.0,4.0,1.0,8.0,4.0,2.0,1.0,7.0,6.0,1.0,2.0,1.0,3.0,2.0,1.0,2.0,1.0,4.0,6.0,9.0,1.0,4.0,1.0,5.0,1.0,2.0,10.0,7.0,4.0,1.0,5.0,2.0,5.0,9.0,1.0,2.0,5.0,1.0,4.0,1.0,1.0,1.0,1.0
2022-04-10,1.0,1.0,1.0,1.0,1.0,6.0,1.0,6.0,5.0,3.0,5.0,5.0,1.0,1.0,2.0,10.0,4.0,1.0,4.0,3.0,6.0,3.0,6.0,10.0,1.0,3.0,1.0,4.0,7.0,1.0,10.0,1.0,2.0,3.0,9.0,2.0,5.0,1.0,4.0,5.0,1.0,4.0,2.0,1.0,1.0,3.0,5.0,1.0,10.0,4.0,1.0,1.0,1.0,1.0,1.0,1.0,1.0,1.0
2022-04-17,1.0,1.0,1.0,1.0,6.0,10.0,1.0,2.0,5.0,1.0,2.0,4.0,1.0,1.0,9.0,10.0,3.0,1.0,7.0,3.0,5.0,1.0,6.0,7.0,1.0,1.0,2.0,8.0,1.0,3.0,1.0,1.0,3.0,10.0,9.0,6.0,1.0,1.0,1.0,7.0,7.0,6.0,2.0,3.0,1.0,8.0,4.0,1.0,7.0,1.0,1.0,3.0,1.0,6.0,4.0,1.0,1.0,1.0
2022-04-24,1.0,1.0,1.0,1.0,1.0,8.0,6.0,3.0,7.0,1.0,1.0,6.0,1.0,1.0,6.0,10.0,5.0,1.0,2.0,6.0,5.0,1.0,1.0,8.0,1.0,2.0,4.0,3.0,3.0,1.0,3.0,1.0,2.0,9.0,7.0,8.0,5.0,1.0,2.0,1.0,1.0,4.0,9.0,4.0,5.0,10.0,5.0,4.0,8.0,1.0,1.0,10.0,1.0,1.0,4.0,1.0,1.0,1.0
2022-05-01,1.0,1.0,1.0,1.0,1.0,1.0,6.0,5.0,10.0,6.0,1.0,1.0,1.0,1.0,8.0,4.0,6.0,1.0,7.0,9.0,6.0,2.0,7.0,4.0,1.0,3.0,5.0,6.0,5.0,5.0,8.0,4.0,4.0,4.0,10.0,1.0,7.0,6.0,10.0,2.0,4.0,3.0,7.0,1.0,4.0,1.0,4.0,5.0,7.0,1.0,1.0,10.0,5.0,3.0,5.0,1.0,1.0,1.0
2022-05-08,4.0,1.0,1.0,1.0,1.0,1.0,1.0,5.0,10.0,3.0,6.0,4.0,3.0,1.0,5.0,10.0,4.0,1.0,5.0,6.0,1.0,1.0,6.0,2.0,4.0,2.0,2.0,3.0,1.0,4.0,4.0,10.0,4.0,7.0,5.0,5.0,5.0,1.0,8.0,1.0,3.0,2.0,10.0,1.0,6.0,6.0,6.0,2.0,10.0,1.0,1.0,10.0,1.0,10.0,2.0,1.0,1.0,1.0
2022-05-15,1.0,1.0,1.0,1.0,1.0,3.0,1.0,4.0,9.0,1.0,1.0,1.0,1.0,1.0,3.0,10.0,2.0,1.0,2.0,1.0,2.0,5.0,2.0,6.0,2.0,8.0,2.0,3.0,3.0,1.0,4.0,4.0,5.0,4.0,5.0,3.0,2.0,2.0,5.0,1.0,1.0,4.0,10.0,3.0,5.0,4.0,6.0,1.0,8.0,1.0,1.0,7.0,1.0,6.0,1.0,1.0,1.0,1.0
2022-05-22,1.0,1.0,1.0,1.0,1.0,4.0,1.0,1.0,9.0,1.0,3.0,3.0,1.0,1.0,2.0,5.0,4.0,1.0,3.0,1.0,1.0,1.0,5.0,1.0,1.0,1.0,1.0,4.0,1.0,4.0,4.0,1.0,1.0,4.0,4.0,6.0,6.0,2.0,1.0,1.0,1.0,4.0,3.0,9.0,2.0,3.0,3.0,4.0,6.0,1.0,1.0,7.0,1.0,1.0,1.0,1.0,1.0,1.0
2022-05-29,1.0,1.0,1.0,1.0,1.0,1.0,10.0,5.0,5.0,1.0,1.0,1.0,4.0,1.0,4.0,10.0,3.0,4.0,5.0,1.0,2.0,2.0,7.0,3.0,3.0,1.0,1.0,3.0,1.0,2.0,10.0,1.0,1.0,6.0,3.0,10.0,2.0,1.0,8.0,2.0,2.0,3.0,3.0,1.0,2.0,2.0,1.0,6.0,9.0,1.0,1.0,6.0,1.0,2.0,4.0,10.0,1.0,1.0
2022-06-05,1.0,1.0,1.0,1.0,1.0,1.0,1.0,1.0,3.0,1.0,1.0,1.0,1.0,1.0,5.0,3.0,2.0,5.0,4.0,4.0,1.0,1.0,5.0,1.0,3.0,1.0,1.0,5.0,1.0,1.0,7.0,10.0,8.0,4.0,2.0,1.0,5.0,2.0,6.0,2.0,1.0,5.0,4.0,1.0,2.0,3.0,5.0,1.0,5.0,1.0,5.0,7.0,3.0,1.0,1.0,1.0,1.0,1.0
2022-06-12,7.0,1.0,1.0,1.0,1.0,1.0,1.0,6.0,4.0,1.0,1.0,1.0,1.0,1.0,7.0,6.0,1.0,1.0,2.0,1.0,1.0,1.0,4.0,1.0,1.0,3.0,3.0,5.0,1.0,2.0,1.0,10.0,1.0,7.0,2.0,3.0,3.0,1.0,1.0,3.0,1.0,2.0,1.0,7.0,3.0,2.0,2.0,4.0,5.0,1.0,1.0,1.0,1.0,8.0,1.0,10.0,1.0,1.0
2022-06-19,1.0,1.0,1.0,1.0,1.0,3.0,1.0,1.0,5.0,1.0,3.0,2.0,3.0,1.0,4.0,5.0,1.0,1.0,2.0,3.0,1.0,2.0,3.0,1.0,1.0,1.0,1.0,3.0,1.0,1.0,6.0,1.0,4.0,4.0,4.0,3.0,3.0,1.0,2.0,1.0,1.0,2.0,5.0,1.0,4.0,1.0,2.0,1.0,1.0,1.0,1.0,1.0,1.0,8.0,2.0,1.0,1.0,1.0
2022-06-26,1.0,1.0,1.0,1.0,1.0,3.0,1.0,1.0,2.0,1.0,1.0,1.0,1.0,1.0,1.0,3.0,4.0,1.0,2.0,2.0,3.0,2.0,6.0,2.0,1.0,1.0,1.0,3.0,1.0,1.0,9.0,1.0,1.0,4.0,6.0,2.0,5.0,1.0,1.0,7.0,1.0,1.0,1.0,1.0,2.0,1.0,1.0,7.0,5.0,1.0,1.0,5.0,1.0,3.0,1.0,1.0,1.0,1.0
2022-07-03,7.0,1.0,1.0,1.0,1.0,3.0,1.0,4.0,7.0,1.0,1.0,2.0,1.0,1.0,1.0,7.0,2.0,2.0,2.0,1.0,1.0,5.0,1.0,1.0,2.0,1.0,1.0,3.0,1.0,1.0,1.0,10.0,1.0,1.0,2.0,1.0,3.0,2.0,1.0,1.0,3.0,2.0,2.0,1.0,4.0,3.0,4.0,1.0,3.0,1.0,2.0,3.0,1.0,2.0,1.0,1.0,1.0,1.0
2022-07-10,1.0,1.0,1.0,1.0,1.0,2.0,1.0,1.0,4.0,1.0,1.0,1.0,1.0,1.0,6.0,1.0,3.0,1.0,1.0,1.0,2.0,3.0,1.0,1.0,1.0,3.0,1.0,1.0,3.0,1.0,1.0,5.0,1.0,1.0,5.0,5.0,1.0,1.0,3.0,2.0,1.0,5.0,2.0,1.0,1.0,4.0,5.0,1.0,1.0,1.0,1.0,2.0,1.0,1.0,2.0,1.0,1.0,1.0
2022-07-17,1.0,1.0,1.0,1.0,1.0,1.0,1.0,1.0,3.0,1.0,1.0,1.0,3.0,1.0,5.0,6.0,1.0,1.0,2.0,1.0,3.0,1.0,3.0,1.0,4.0,1.0,1.0,3.0,2.0,1.0,7.0,1.0,4.0,7.0,3.0,1.0,2.0,1.0,1.0,1.0,1.0,3.0,1.0,1.0,1.0,5.0,1.0,1.0,3.0,1.0,1.0,9.0,1.0,3.0,1.0,1.0,1.0,1.0
2022-07-24,1.0,1.0,1.0,1.0,4.0,1.0,3.0,1.0,3.0,3.0,1.0,1.0,1.0,1.0,3.0,5.0,1.0,1.0,3.0,1.0,1.0,1.0,1.0,1.0,3.0,1.0,3.0,2.0,1.0,1.0,1.0,1.0,1.0,6.0,2.0,1.0,2.0,1.0,1.0,1.0,1.0,1.0,1.0,1.0,1.0,1.0,5.0,3.0,4.0,1.0,1.0,3.0,1.0,1.0,1.0,1.0,1.0,1.0
2022-07-31,5.0,1.0,1.0,1.0,1.0,1.0,7.0,1.0,4.0,1.0,1.0,1.0,1.0,1.0,5.0,1.0,2.0,1.0,1.0,2.0,1.0,1.0,1.0,1.0,1.0,1.0,1.0,1.0,1.0,1.0,1.0,1.0,1.0,4.0,3.0,4.0,3.0,1.0,2.0,1.0,1.0,3.0,3.0,3.0,1.0,1.0,2.0,4.0,4.0,1.0,1.0,3.0,1.0,5.0,1.0,1.0,1.0,1.0
2022-08-07,6.0,1.0,1.0,1.0,1.0,4.0,1.0,1.0,5.0,1.0,1.0,1.0,1.0,1.0,4.0,2.0,1.0,1.0,1.0,1.0,1.0,1.0,2.0,2.0,1.0,1.0,3.0,3.0,1.0,1.0,5.0,1.0,2.0,3.0,4.0,1.0,1.0,1.0,1.0,2.0,1.0,1.0,1.0,3.0,1.0,1.0,2.0,9.0,6.0,1.0,2.0,9.0,1.0,1.0,1.0,1.0,1.0,1.0
2022-08-14,10.0,1.0,1.0,1.0,4.0,1.0,1.0,1.0,1.0,1.0,3.0,1.0,1.0,1.0,1.0,2.0,5.0,1.0,4.0,2.0,1.0,1.0,1.0,1.0,1.0,2.0,1.0,3.0,1.0,1.0,1.0,1.0,1.0,1.0,2.0,1.0,1.0,1.0,1.0,2.0,1.0,1.0,2.0,1.0,1.0,1.0,4.0,1.0,1.0,1.0,1.0,1.0,1.0,1.0,1.0,1.0,1.0,1.0
2022-08-21,1.0,1.0,1.0,1.0,1.0,4.0,2.0,1.0,1.0,1.0,1.0,1.0,5.0,1.0,6.0,7.0,4.0,2.0,1.0,3.0,1.0,1.0,1.0,4.0,1.0,1.0,1.0,3.0,1.0,1.0,1.0,4.0,5.0,1.0,3.0,1.0,1.0,1.0,1.0,1.0,1.0,3.0,2.0,1.0,1.0,5.0,2.0,3.0,2.0,1.0,1.0,1.0,1.0,6.0,1.0,1.0,1.0,1.0
2022-08-28,6.0,1.0,1.0,1.0,1.0,3.0,6.0,3.0,3.0,1.0,1.0,4.0,1.0,1.0,3.0,6.0,3.0,1.0,3.0,1.0,1.0,1.0,6.0,2.0,1.0,5.0,2.0,4.0,2.0,1.0,5.0,4.0,5.0,6.0,6.0,6.0,6.0,1.0,1.0,1.0,1.0,4.0,6.0,7.0,3.0,5.0,3.0,1.0,7.0,1.0,1.0,1.0,1.0,5.0,1.0,1.0,1.0,1.0
2022-09-04,1.0,1.0,1.0,1.0,5.0,1.0,3.0,1.0,4.0,1.0,1.0,2.0,1.0,1.0,7.0,1.0,7.0,1.0,3.0,7.0,2.0,6.0,3.0,2.0,1.0,1.0,2.0,3.0,1.0,4.0,6.0,1.0,5.0,6.0,8.0,3.0,4.0,1.0,1.0,7.0,1.0,3.0,5.0,6.0,7.0,3.0,5.0,3.0,2.0,5.0,1.0,1.0,1.0,6.0,5.0,10.0,1.0,1.0
2022-09-11,1.0,1.0,1.0,1.0,1.0,1.0,1.0,2.0,2.0,1.0,1.0,1.0,1.0,2.0,1.0,1.0,3.0,1.0,3.0,2.0,4.0,1.0,1.0,1.0,1.0,1.0,2.0,7.0,1.0,1.0,1.0,1.0,3.0,3.0,6.0,4.0,2.0,1.0,1.0,2.0,2.0,1.0,1.0,4.0,4.0,1.0,9.0,2.0,4.0,1.0,1.0,2.0,1.0,2.0,1.0,1.0,1.0,1.0
2022-09-18,1.0,1.0,1.0,1.0,1.0,3.0,1.0,5.0,2.0,1.0,1.0,3.0,1.0,1.0,7.0,1.0,4.0,1.0,2.0,5.0,3.0,1.0,3.0,1.0,4.0,3.0,1.0,5.0,1.0,10.0,5.0,5.0,1.0,3.0,2.0,4.0,8.0,1.0,2.0,1.0,1.0,9.0,4.0,1.0,2.0,3.0,4.0,1.0,7.0,1.0,1.0,10.0,1.0,1.0,3.0,1.0,1.0,1.0
2022-09-25,1.0,1.0,1.0,1.0,1.0,2.0,1.0,6.0,1.0,1.0,1.0,1.0,7.0,1.0,5.0,2.0,4.0,1.0,4.0,7.0,2.0,3.0,1.0,5.0,1.0,1.0,1.0,4.0,1.0,3.0,6.0,3.0,3.0,2.0,3.0,3.0,7.0,1.0,1.0,2.0,1.0,1.0,2.0,1.0,2.0,2.0,4.0,1.0,1.0,1.0,1.0,1.0,1.0,4.0,2.0,1.0,1.0,1.0
2022-10-02,1.0,1.0,1.0,1.0,1.0,5.0,4.0,4.0,4.0,1.0,1.0,2.0,1.0,2.0,5.0,2.0,5.0,3.0,3.0,1.0,2.0,2.0,5.0,7.0,3.0,6.0,1.0,3.0,3.0,4.0,4.0,6.0,2.0,2.0,3.0,3.0,4.0,3.0,2.0,1.0,1.0,2.0,6.0,1.0,5.0,4.0,2.0,1.0,3.0,1.0,1.0,3.0,2.0,6.0,1.0,8.0,1.0,4.0
2022-10-09,1.0,1.0,1.0,1.0,5.0,2.0,3.0,4.0,10.0,4.0,1.0,10.0,1.0,1.0,6.0,10.0,10.0,3.0,8.0,8.0,5.0,4.0,7.0,7.0,1.0,9.0,1.0,6.0,5.0,5.0,10.0,3.0,4.0,9.0,10.0,10.0,8.0,4.0,10.0,2.0,5.0,6.0,4.0,1.0,1.0,6.0,5.0,1.0,10.0,1.0,1.0,10.0,1.0,3.0,8.0,1.0,1.0,4.0
2022-10-16,1.0,1.0,1.0,1.0,3.0,10.0,3.0,9.0,10.0,5.0,8.0,5.0,1.0,1.0,4.0,1.0,7.0,3.0,4.0,5.0,7.0,2.0,10.0,8.0,5.0,7.0,2.0,10.0,1.0,10.0,10.0,4.0,7.0,2.0,10.0,10.0,8.0,4.0,5.0,1.0,1.0,6.0,9.0,3.0,9.0,10.0,10.0,4.0,10.0,3.0,10.0,10.0,1.0,10.0,1.0,1.0,1.0,5.0
2022-10-23,1.0,1.0,1.0,10.0,1.0,10.0,10.0,8.0,10.0,1.0,9.0,6.0,7.0,1.0,4.0,3.0,10.0,1.0,6.0,2.0,5.0,4.0,8.0,9.0,6.0,10.0,7.0,10.0,8.0,6.0,10.0,1.0,10.0,5.0,10.0,10.0,10.0,1.0,10.0,6.0,1.0,10.0,10.0,1.0,4.0,4.0,10.0,7.0,10.0,1.0,1.0,10.0,1.0,10.0,5.0,10.0,1.0,10.0
2022-10-30,1.0,1.0,10.0,1.0,1.0,2.0,8.0,10.0,10.0,4.0,1.0,10.0,1.0,1.0,10.0,9.0,10.0,6.0,10.0,10.0,10.0,6.0,10.0,10.0,5.0,10.0,9.0,10.0,8.0,2.0,10.0,3.0,10.0,10.0,10.0,10.0,10.0,2.0,10.0,6.0,3.0,10.0,6.0,10.0,9.0,9.0,10.0,4.0,10.0,1.0,1.0,10.0,1.0,4.0,1.0,10.0,1.0,10.0
2022-11-06,1.0,1.0,1.0,1.0,1.0,10.0,2.0,9.0,10.0,10.0,1.0,10.0,10.0,1.0,10.0,6.0,10.0,2.0,10.0,10.0,10.0,10.0,10.0,10.0,7.0,9.0,10.0,10.0,5.0,10.0,10.0,10.0,10.0,10.0,10.0,10.0,10.0,5.0,6.0,5.0,6.0,10.0,6.0,9.0,10.0,10.0,10.0,10.0,10.0,1.0,1.0,10.0,1.0,10.0,9.0,1.0,1.0,10.0
2022-11-13,1.0,1.0,10.0,1.0,1.0,10.0,8.0,10.0,10.0,10.0,6.0,10.0,8.0,1.0,10.0,10.0,10.0,3.0,10.0,10.0,10.0,6.0,10.0,10.0,2.0,10.0,10.0,10.0,10.0,10.0,10.0,6.0,10.0,10.0,10.0,10.0,10.0,2.0,10.0,1.0,7.0,10.0,10.0,10.0,10.0,10.0,10.0,5.0,10.0,1.0,10.0,10.0,1.0,9.0,10.0,1.0,1.0,10.0
2022-11-20,10.0,1.0,1.0,10.0,5.0,2.0,10.0,10.0,10.0,10.0,10.0,10.0,10.0,3.0,10.0,10.0,10.0,10.0,10.0,10.0,10.0,10.0,10.0,10.0,10.0,10.0,10.0,10.0,10.0,10.0,10.0,10.0,10.0,10.0,10.0,10.0,10.0,10.0,10.0,4.0,10.0,10.0,10.0,10.0,10.0,10.0,10.0,10.0,10.0,4.0,1.0,10.0,3.0,10.0,10.0,10.0,1.0,10.0
2022-11-27,4.0,1.0,10.0,1.0,8.0,10.0,10.0,10.0,10.0,10.0,2.0,10.0,5.0,10.0,10.0,10.0,10.0,10.0,10.0,10.0,10.0,10.0,10.0,10.0,10.0,10.0,10.0,10.0,10.0,10.0,10.0,10.0,10.0,10.0,10.0,10.0,10.0,10.0,10.0,1.0,10.0,10.0,10.0,8.0,10.0,10.0,10.0,10.0,10.0,10.0,5.0,10.0,4.0,10.0,10.0,1.0,1.0,10.0
2022-12-04,10.0,1.0,1.0,1.0,4.0,10.0,10.0,10.0,10.0,10.0,1.0,10.0,1.0,5.0,10.0,10.0,10.0,7.0,10.0,10.0,10.0,8.0,10.0,10.0,10.0,10.0,10.0,10.0,10.0,10.0,10.0,4.0,10.0,10.0,10.0,10.0,10.0,8.0,7.0,3.0,10.0,10.0,10.0,10.0,10.0,10.0,10.0,10.0,10.0,4.0,6.0,10.0,2.0,10.0,9.0,10.0,1.0,10.0
2022-12-11,1.0,1.0,1.0,1.0,8.0,10.0,8.0,10.0,10.0,10.0,8.0,10.0,10.0,1.0,10.0,10.0,10.0,7.0,10.0,10.0,10.0,9.0,10.0,10.0,10.0,6.0,10.0,10.0,10.0,4.0,10.0,1.0,10.0,10.0,10.0,10.0,10.0,3.0,10.0,10.0,4.0,10.0,10.0,1.0,10.0,10.0,10.0,3.0,10.0,4.0,1.0,8.0,10.0,10.0,10.0,1.0,1.0,10.0
2022-12-18,1.0,10.0,10.0,1.0,10.0,10.0,9.0,10.0,4.0,7.0,1.0,7.0,10.0,1.0,10.0,10.0,9.0,3.0,10.0,10.0,10.0,10.0,10.0,10.0,9.0,10.0,1.0,10.0,10.0,1.0,9.0,10.0,10.0,10.0,10.0,10.0,5.0,3.0,10.0,1.0,7.0,10.0,10.0,10.0,10.0,10.0,10.0,10.0,10.0,1.0,1.0,10.0,6.0,10.0,10.0,1.0,1.0,10.0
2022-12-25,1.0,1.0,1.0,1.0,1.0,10.0,3.0,8.0,6.0,4.0,10.0,2.0,1.0,7.0,10.0,10.0,9.0,1.0,2.0,9.0,9.0,5.0,10.0,1.0,4.0,5.0,6.0,6.0,4.0,9.0,10.0,10.0,8.0,9.0,10.0,3.0,8.0,1.0,10.0,1.0,5.0,7.0,4.0,10.0,10.0,8.0,10.0,2.0,5.0,1.0,1.0,9.0,4.0,10.0,1.0,1.0,1.0,10.0
2023-01-01,1.0,1.0,10.0,1.0,7.0,10.0,1.0,1.0,9.0,1.0,6.0,4.0,1.0,1.0,3.0,5.0,9.0,5.0,6.0,1.0,4.0,4.0,7.0,9.0,2.0,1.0,1.0,8.0,1.0,1.0,6.0,1.0,1.0,8.0,3.0,10.0,3.0,1.0,3.0,10.0,1.0,10.0,4.0,1.0,1.0,8.0,5.0,2.0,6.0,4.0,10.0,2.0,1.0,10.0,10.0,1.0,1.0,4.0
2023-01-08,6.0,1.0,1.0,10.0,1.0,1.0,1.0,1.0,5.0,1.0,3.0,1.0,1.0,1.0,3.0,10.0,6.0,2.0,3.0,1.0,7.0,5.0,7.0,2.0,1.0,7.0,1.0,7.0,4.0,1.0,10.0,1.0,1.0,1.0,10.0,10.0,1.0,1.0,3.0,2.0,1.0,1.0,7.0,1.0,1.0,3.0,1.0,3.0,8.0,6.0,1.0,1.0,5.0,4.0,5.0,1.0,1.0,3.0
2023-01-15,1.0,1.0,1.0,1.0,1.0,1.0,1.0,1.0,1.0,1.0,1.0,1.0,8.0,1.0,1.0,2.0,5.0,1.0,1.0,2.0,1.0,4.0,3.0,1.0,3.0,4.0,1.0,5.0,1.0,1.0,3.0,3.0,1.0,1.0,9.0,9.0,4.0,2.0,2.0,1.0,1.0,7.0,10.0,1.0,1.0,2.0,3.0,1.0,1.0,1.0,7.0,1.0,1.0,3.0,1.0,1.0,1.0,5.0
2023-01-22,7.0,1.0,1.0,1.0,1.0,10.0,6.0,1.0,6.0,1.0,1.0,2.0,1.0,1.0,1.0,1.0,1.0,1.0,3.0,1.0,1.0,5.0,1.0,4.0,1.0,1.0,1.0,2.0,1.0,1.0,3.0,3.0,2.0,1.0,2.0,6.0,1.0,1.0,4.0,1.0,1.0,6.0,5.0,1.0,1.0,5.0,1.0,1.0,4.0,10.0,1.0,1.0,1.0,10.0,3.0,1.0,1.0,1.0
2023-01-29,1.0,1.0,1.0,1.0,1.0,1.0,3.0,1.0,5.0,1.0,1.0,1.0,1.0,1.0,1.0,1.0,4.0,1.0,1.0,1.0,1.0,1.0,3.0,1.0,4.0,1.0,1.0,3.0,1.0,1.0,4.0,1.0,1.0,6.0,5.0,1.0,1.0,1.0,1.0,1.0,1.0,2.0,8.0,1.0,1.0,3.0,3.0,3.0,2.0,1.0,1.0,3.0,1.0,7.0,1.0,1.0,1.0,5.0
2023-02-05,4.0,10.0,1.0,1.0,5.0,1.0,1.0,3.0,4.0,1.0,1.0,1.0,1.0,1.0,1.0,2.0,6.0,1.0,5.0,1.0,1.0,4.0,1.0,1.0,3.0,5.0,3.0,6.0,8.0,10.0,2.0,8.0,1.0,1.0,9.0,7.0,2.0,1.0,3.0,1.0,4.0,2.0,6.0,1.0,6.0,8.0,6.0,6.0,8.0,1.0,1.0,3.0,1.0,5.0,1.0,1.0,1.0,3.0
2023-02-12,1.0,1.0,1.0,1.0,1.0,5.0,1.0,5.0,1.0,1.0,1.0,3.0,1.0,1.0,3.0,10.0,3.0,1.0,1.0,3.0,4.0,5.0,4.0,5.0,1.0,8.0,4.0,1.0,2.0,1.0,6.0,4.0,4.0,10.0,9.0,5.0,4.0,1.0,1.0,1.0,1.0,2.0,1.0,9.0,2.0,2.0,9.0,1.0,5.0,4.0,1.0,8.0,1.0,4.0,1.0,1.0,1.0,10.0
2023-02-19,5.0,1.0,1.0,1.0,1.0,5.0,2.0,7.0,5.0,1.0,2.0,1.0,5.0,1.0,5.0,6.0,6.0,2.0,2.0,1.0,7.0,3.0,2.0,1.0,4.0,4.0,6.0,5.0,1.0,1.0,5.0,1.0,7.0,6.0,8.0,9.0,3.0,1.0,7.0,1.0,3.0,8.0,6.0,1.0,3.0,4.0,5.0,2.0,10.0,10.0,7.0,1.0,1.0,2.0,1.0,1.0,1.0,1.0
2023-02-26,1.0,1.0,1.0,1.0,7.0,3.0,1.0,4.0,10.0,1.0,1.0,1.0,1.0,2.0,4.0,1.0,5.0,1.0,8.0,1.0,2.0,1.0,5.0,4.0,6.0,8.0,3.0,3.0,4.0,9.0,9.0,1.0,5.0,7.0,10.0,10.0,10.0,1.0,1.0,1.0,3.0,5.0,3.0,1.0,1.0,4.0,1.0,3.0,6.0,1.0,1.0,7.0,1.0,8.0,1.0,1.0,1.0,8.0
2023-03-05,1.0,1.0,1.0,1.0,1.0,5.0,9.0,3.0,10.0,1.0,1.0,1.0,1.0,1.0,10.0,1.0,10.0,1.0,2.0,6.0,10.0,1.0,7.0,9.0,1.0,2.0,2.0,6.0,1.0,8.0,10.0,3.0,1.0,7.0,2.0,10.0,10.0,2.0,5.0,1.0,1.0,8.0,6.0,2.0,1.0,8.0,8.0,1.0,1.0,1.0,1.0,1.0,1.0,7.0,1.0,1.0,1.0,2.0
2023-03-12,8.0,1.0,1.0,1.0,1.0,1.0,1.0,5.0,3.0,4.0,1.0,1.0,1.0,1.0,5.0,10.0,5.0,3.0,3.0,3.0,3.0,1.0,3.0,4.0,1.0,1.0,1.0,6.0,1.0,1.0,8.0,1.0,2.0,1.0,2.0,5.0,2.0,1.0,1.0,3.0,1.0,4.0,8.0,1.0,10.0,10.0,6.0,1.0,10.0,9.0,6.0,8.0,1.0,6.0,1.0,1.0,1.0,6.0
2023-03-19,1.0,1.0,1.0,1.0,9.0,1.0,1.0,4.0,10.0,1.0,5.0,5.0,1.0,1.0,4.0,10.0,6.0,1.0,5.0,1.0,7.0,10.0,7.0,1.0,4.0,1.0,1.0,6.0,7.0,1.0,7.0,1.0,7.0,6.0,6.0,8.0,1.0,1.0,3.0,1.0,1.0,1.0,5.0,7.0,1.0,8.0,6.0,3.0,7.0,1.0,1.0,3.0,1.0,9.0,2.0,1.0,1.0,10.0
2023-03-26,5.0,10.0,1.0,1.0,1.0,1.0,1.0,1.0,5.0,5.0,1.0,2.0,3.0,5.0,5.0,4.0,5.0,2.0,4.0,4.0,1.0,5.0,4.0,5.0,1.0,5.0,1.0,7.0,1.0,5.0,5.0,1.0,1.0,6.0,5.0,10.0,5.0,1.0,1.0,1.0,1.0,6.0,6.0,1.0,3.0,6.0,5.0,3.0,9.0,7.0,1.0,6.0,1.0,5.0,2.0,1.0,1.0,8.0
2023-04-02,1.0,1.0,1.0,1.0,1.0,1.0,1.0,2.0,7.0,1.0,1.0,2.0,1.0,1.0,1.0,10.0,5.0,4.0,8.0,7.0,9.0,1.0,4.0,1.0,1.0,1.0,1.0,7.0,1.0,3.0,2.0,1.0,2.0,6.0,5.0,3.0,1.0,1.0,1.0,10.0,2.0,1.0,1.0,1.0,5.0,1.0,3.0,1.0,5.0,7.0,2.0,3.0,1.0,1.0,1.0,1.0,1.0,7.0
2023-04-09,1.0,1.0,1.0,1.0,1.0,1.0,2.0,5.0,2.0,1.0,1.0,2.0,1.0,1.0,7.0,3.0,7.0,1.0,2.0,4.0,4.0,1.0,6.0,2.0,1.0,4.0,2.0,4.0,1.0,1.0,6.0,10.0,4.0,6.0,7.0,2.0,2.0,1.0,1.0,8.0,1.0,1.0,1.0,1.0,2.0,4.0,3.0,1.0,1.0,1.0,1.0,8.0,1.0,2.0,1.0,1.0,1.0,1.0
2023-04-16,1.0,1.0,1.0,1.0,1.0,2.0,1.0,1.0,1.0,1.0,1.0,1.0,1.0,1.0,5.0,4.0,4.0,1.0,2.0,1.0,2.0,1.0,2.0,4.0,1.0,1.0,1.0,5.0,1.0,1.0,8.0,1.0,2.0,3.0,1.0,1.0,1.0,1.0,2.0,1.0,2.0,3.0,1.0,1.0,3.0,1.0,4.0,1.0,8.0,3.0,1.0,10.0,1.0,4.0,4.0,1.0,1.0,10.0
2023-04-23,1.0,1.0,1.0,1.0,1.0,1.0,1.0,1.0,1.0,1.0,1.0,1.0,1.0,1.0,1.0,1.0,1.0,1.0,2.0,2.0,3.0,1.0,4.0,1.0,5.0,1.0,1.0,5.0,8.0,1.0,6.0,1.0,1.0,1.0,5.0,7.0,3.0,1.0,1.0,1.0,4.0,2.0,10.0,6.0,1.0,5.0,1.0,1.0,3.0,1.0,1.0,2.0,9.0,5.0,10.0,1.0,1.0,8.0
2023-04-30,1.0,1.0,1.0,1.0,1.0,3.0,10.0,3.0,6.0,1.0,1.0,6.0,1.0,1.0,3.0,8.0,5.0,3.0,5.0,3.0,2.0,4.0,6.0,1.0,3.0,3.0,1.0,2.0,5.0,2.0,6.0,10.0,1.0,1.0,1.0,5.0,5.0,1.0,2.0,3.0,1.0,1.0,5.0,1.0,1.0,2.0,2.0,1.0,2.0,1.0,1.0,7.0,1.0,3.0,10.0,1.0,1.0,2.0
2023-05-07,1.0,10.0,1.0,1.0,1.0,1.0,1.0,1.0,2.0,1.0,1.0,2.0,5.0,1.0,1.0,3.0,3.0,5.0,5.0,1.0,3.0,1.0,6.0,2.0,1.0,1.0,1.0,7.0,1.0,1.0,7.0,2.0,1.0,1.0,1.0,2.0,1.0,4.0,4.0,1.0,1.0,3.0,4.0,1.0,3.0,3.0,1.0,1.0,2.0,1.0,1.0,5.0,1.0,1.0,5.0,1.0,1.0,1.0
2023-05-14,1.0,1.0,1.0,1.0,1.0,2.0,4.0,1.0,1.0,1.0,1.0,4.0,1.0,1.0,1.0,8.0,1.0,4.0,1.0,2.0,2.0,1.0,1.0,1.0,3.0,1.0,1.0,5.0,2.0,2.0,1.0,3.0,5.0,1.0,6.0,3.0,1.0,7.0,1.0,1.0,1.0,1.0,1.0,1.0,1.0,3.0,2.0,1.0,1.0,1.0,1.0,1.0,1.0,1.0,8.0,1.0,1.0,5.0
2023-05-21,6.0,1.0,1.0,1.0,1.0,3.0,1.0,2.0,6.0,1.0,1.0,1.0,1.0,4.0,4.0,8.0,4.0,1.0,1.0,5.0,4.0,1.0,6.0,1.0,1.0,1.0,1.0,3.0,1.0,1.0,1.0,4.0,1.0,2.0,6.0,3.0,4.0,1.0,4.0,1.0,1.0,3.0,9.0,1.0,1.0,4.0,6.0,4.0,7.0,1.0,1.0,7.0,1.0,5.0,1.0,1.0,1.0,3.0
2023-05-28,1.0,1.0,1.0,10.0,4.0,1.0,2.0,2.0,1.0,1.0,1.0,1.0,1.0,1.0,1.0,6.0,1.0,1.0,1.0,1.0,2.0,1.0,3.0,1.0,1.0,9.0,1.0,6.0,1.0,1.0,1.0,3.0,8.0,4.0,7.0,1.0,3.0,1.0,4.0,1.0,1.0,1.0,1.0,4.0,1.0,3.0,3.0,1.0,1.0,1.0,2.0,1.0,1.0,4.0,1.0,1.0,1.0,2.0
2023-06-04,1.0,1.0,1.0,1.0,1.0,1.0,1.0,1.0,6.0,1.0,1.0,1.0,1.0,1.0,1.0,2.0,1.0,1.0,2.0,2.0,2.0,2.0,7.0,1.0,5.0,1.0,1.0,1.0,2.0,2.0,2.0,1.0,1.0,1.0,6.0,1.0,4.0,1.0,1.0,1.0,1.0,1.0,1.0,1.0,1.0,1.0,1.0,1.0,4.0,10.0,1.0,2.0,1.0,1.0,1.0,1.0,1.0,1.0
2023-06-11,1.0,1.0,1.0,1.0,1.0,3.0,1.0,1.0,2.0,1.0,1.0,1.0,1.0,1.0,1.0,1.0,1.0,1.0,2.0,1.0,1.0,5.0,4.0,1.0,1.0,1.0,1.0,1.0,1.0,1.0,4.0,1.0,1.0,1.0,3.0,8.0,1.0,1.0,1.0,2.0,1.0,1.0,1.0,1.0,1.0,1.0,1.0,1.0,1.0,4.0,2.0,1.0,1.0,2.0,1.0,1.0,1.0,1.0
2023-06-18,1.0,1.0,1.0,1.0,1.0,3.0,1.0,4.0,3.0,1.0,1.0,1.0,1.0,1.0,1.0,1.0,1.0,1.0,1.0,1.0,1.0,3.0,1.0,1.0,1.0,3.0,1.0,1.0,1.0,1.0,2.0,1.0,1.0,1.0,1.0,1.0,1.0,1.0,1.0,1.0,1.0,1.0,4.0,1.0,3.0,1.0,1.0,3.0,1.0,1.0,1.0,7.0,1.0,1.0,1.0,1.0,1.0,3.0
2023-06-25,1.0,1.0,1.0,1.0,1.0,3.0,1.0,3.0,1.0,1.0,1.0,1.0,1.0,1.0,1.0,2.0,1.0,1.0,1.0,1.0,1.0,1.0,1.0,1.0,1.0,1.0,1.0,1.0,1.0,1.0,2.0,1.0,1.0,1.0,1.0,1.0,1.0,1.0,1.0,1.0,1.0,1.0,1.0,1.0,1.0,1.0,1.0,2.0,2.0,7.0,1.0,6.0,1.0,2.0,1.0,1.0,1.0,1.0
2023-07-02,1.0,1.0,1.0,1.0,1.0,1.0,6.0,1.0,1.0,1.0,1.0,1.0,1.0,1.0,1.0,3.0,1.0,5.0,1.0,1.0,1.0,1.0,1.0,1.0,1.0,1.0,1.0,1.0,1.0,4.0,1.0,3.0,1.0,1.0,1.0,1.0,1.0,1.0,2.0,1.0,1.0,1.0,2.0,1.0,1.0,1.0,1.0,2.0,1.0,1.0,1.0,1.0,1.0,3.0,1.0,1.0,1.0,1.0
2023-07-09,1.0,1.0,10.0,10.0,1.0,1.0,1.0,1.0,1.0,1.0,1.0,1.0,1.0,1.0,1.0,1.0,1.0,1.0,1.0,1.0,2.0,1.0,1.0,1.0,1.0,1.0,1.0,1.0,1.0,1.0,1.0,5.0,1.0,1.0,1.0,1.0,1.0,1.0,1.0,1.0,1.0,1.0,1.0,1.0,1.0,1.0,1.0,1.0,1.0,1.0,1.0,1.0,1.0,1.0,1.0,1.0,1.0,1.0
2023-07-16,1.0,1.0,1.0,1.0,1.0,2.0,1.0,1.0,1.0,1.0,1.0,1.0,1.0,1.0,1.0,3.0,1.0,3.0,1.0,1.0,1.0,1.0,1.0,1.0,1.0,1.0,1.0,1.0,1.0,1.0,1.0,3.0,1.0,2.0,1.0,1.0,1.0,2.0,1.0,1.0,1.0,1.0,1.0,1.0,1.0,1.0,1.0,1.0,1.0,1.0,1.0,3.0,1.0,2.0,1.0,1.0,1.0,1.0
2023-07-23,1.0,1.0,1.0,1.0,1.0,1.0,1.0,1.0,1.0,1.0,1.0,1.0,1.0,2.0,1.0,6.0,1.0,1.0,1.0,1.0,2.0,1.0,1.0,1.0,1.0,1.0,1.0,1.0,1.0,1.0,1.0,1.0,1.0,1.0,1.0,1.0,1.0,1.0,1.0,1.0,1.0,1.0,1.0,1.0,1.0,2.0,1.0,1.0,2.0,1.0,1.0,3.0,1.0,1.0,1.0,1.0,1.0,1.0
2023-07-30,6.0,1.0,1.0,1.0,1.0,1.0,1.0,1.0,1.0,1.0,1.0,1.0,1.0,1.0,1.0,3.0,1.0,1.0,1.0,1.0,1.0,1.0,1.0,1.0,1.0,1.0,1.0,1.0,1.0,3.0,1.0,1.0,1.0,1.0,1.0,1.0,1.0,1.0,1.0,1.0,1.0,1.0,5.0,10.0,1.0,1.0,1.0,1.0,1.0,1.0,1.0,1.0,1.0,2.0,1.0,1.0,1.0,1.0
2023-08-06,1.0,1.0,1.0,10.0,1.0,1.0,10.0,2.0,1.0,1.0,1.0,1.0,1.0,1.0,1.0,3.0,1.0,1.0,1.0,1.0,1.0,1.0,1.0,1.0,1.0,1.0,1.0,1.0,3.0,1.0,1.0,1.0,2.0,1.0,1.0,1.0,1.0,1.0,1.0,1.0,1.0,1.0,1.0,1.0,1.0,3.0,1.0,1.0,1.0,6.0,1.0,6.0,1.0,2.0,1.0,1.0,1.0,1.0
2023-08-13,1.0,1.0,1.0,1.0,1.0,1.0,1.0,2.0,1.0,2.0,1.0,1.0,6.0,1.0,1.0,7.0,1.0,1.0,2.0,1.0,1.0,1.0,3.0,1.0,1.0,1.0,1.0,1.0,8.0,8.0,1.0,1.0,6.0,1.0,1.0,2.0,2.0,1.0,1.0,2.0,1.0,1.0,1.0,1.0,1.0,1.0,1.0,1.0,3.0,1.0,1.0,1.0,1.0,6.0,1.0,1.0,1.0,1.0
2023-08-20,1.0,1.0,1.0,1.0,1.0,4.0,1.0,1.0,1.0,1.0,8.0,1.0,1.0,1.0,6.0,1.0,1.0,1.0,1.0,1.0,1.0,1.0,2.0,1.0,2.0,2.0,1.0,1.0,3.0,1.0,1.0,1.0,1.0,1.0,1.0,7.0,1.0,1.0,1.0,2.0,2.0,3.0,3.0,2.0,1.0,3.0,3.0,2.0,1.0,1.0,1.0,2.0,1.0,4.0,4.0,1.0,1.0,1.0
2023-08-27,1.0,1.0,1.0,1.0,10.0,1.0,3.0,2.0,4.0,1.0,1.0,1.0,10.0,1.0,1.0,6.0,2.0,6.0,1.0,1.0,1.0,1.0,2.0,1.0,1.0,1.0,1.0,1.0,2.0,7.0,6.0,2.0,1.0,1.0,1.0,1.0,7.0,1.0,4.0,2.0,5.0,1.0,1.0,3.0,3.0,5.0,1.0,1.0,6.0,1.0,1.0,7.0,10.0,10.0,9.0,1.0,1.0,1.0
2023-09-03,1.0,10.0,1.0,10.0,7.0,1.0,1.0,4.0,7.0,1.0,3.0,1.0,1.0,1.0,1.0,8.0,3.0,3.0,1.0,1.0,6.0,2.0,8.0,4.0,5.0,8.0,1.0,3.0,2.0,7.0,7.0,1.0,3.0,3.0,1.0,10.0,4.0,1.0,3.0,9.0,2.0,4.0,4.0,6.0,1.0,2.0,1.0,1.0,4.0,1.0,7.0,2.0,4.0,6.0,1.0,9.0,10.0,4.0
2023-09-10,5.0,1.0,1.0,10.0,1.0,1.0,2.0,2.0,1.0,1.0,1.0,2.0,7.0,5.0,8.0,5.0,5.0,1.0,4.0,1.0,6.0,1.0,4.0,5.0,3.0,2.0,3.0,4.0,6.0,4.0,1.0,1.0,1.0,1.0,1.0,6.0,2.0,1.0,1.0,1.0,2.0,1.0,5.0,6.0,2.0,1.0,6.0,1.0,6.0,1.0,1.0,3.0,3.0,1.0,7.0,1.0,10.0,2.0
2023-09-17,5.0,1.0,1.0,10.0,1.0,1.0,6.0,1.0,9.0,2.0,9.0,8.0,6.0,1.0,8.0,10.0,7.0,1.0,3.0,1.0,1.0,1.0,5.0,1.0,5.0,8.0,3.0,7.0,1.0,2.0,6.0,10.0,2.0,7.0,10.0,1.0,3.0,7.0,2.0,1.0,1.0,8.0,3.0,10.0,2.0,7.0,1.0,2.0,7.0,1.0,1.0,10.0,2.0,6.0,1.0,1.0,10.0,6.0
2023-09-24,1.0,1.0,1.0,10.0,1.0,10.0,6.0,4.0,3.0,1.0,1.0,1.0,4.0,3.0,1.0,5.0,1.0,1.0,2.0,1.0,2.0,1.0,8.0,7.0,1.0,1.0,4.0,5.0,7.0,1.0,2.0,3.0,1.0,2.0,8.0,4.0,1.0,3.0,7.0,1.0,1.0,8.0,10.0,2.0,6.0,6.0,5.0,1.0,7.0,4.0,1.0,1.0,1.0,10.0,1.0,1.0,1.0,2.0
2023-10-01,1.0,1.0,1.0,1.0,1.0,5.0,4.0,4.0,4.0,1.0,1.0,2.0,1.0,2.0,5.0,2.0,5.0,3.0,3.0,2.0,2.0,2.0,5.0,7.0,3.0,6.0,2.0,3.0,3.0,4.0,4.0,6.0,2.0,3.0,3.0,2.0,4.0,3.0,2.0,1.0,2.0,2.0,6.0,1.0,5.0,4.0,2.0,1.0,3.0,1.0,1.0,3.0,2.0,6.0,1.0,8.0,1.0,4.0
2023-10-08,6.0,1.0,1.0,1.0,1.0,2.0,1.0,3.0,4.0,4.0,1.0,3.0,3.0,4.0,6.0,4.0,3.0,2.0,1.0,2.0,4.0,6.0,7.0,3.0,5.0,2.0,1.0,4.0,4.0,1.0,8.0,7.0,2.0,6.0,5.0,10.0,4.0,5.0,3.0,1.0,1.0,2.0,1.0,4.0,1.0,8.0,3.0,5.0,5.0,4.0,2.0,2.0,2.0,7.0,1.0,9.0,10.0,5.0
2023-10-15,1.0,10.0,10.0,10.0,1.0,3.0,6.0,6.0,3.0,1.0,2.0,6.0,7.0,1.0,3.0,3.0,6.0,3.0,3.0,1.0,1.0,1.0,5.0,4.0,5.0,2.0,5.0,4.0,4.0,2.0,7.0,2.0,1.0,5.0,4.0,2.0,4.0,5.0,4.0,6.0,1.0,3.0,4.0,3.0,4.0,4.0,2.0,4.0,6.0,1.0,1.0,1.0,1.0,6.0,6.0,1.0,1.0,4.0
2023-10-22,1.0,1.0,1.0,10.0,1.0,10.0,1.0,7.0,8.0,4.0,4.0,1.0,5.0,1.0,5.0,3.0,2.0,5.0,4.0,3.0,4.0,3.0,3.0,3.0,1.0,3.0,5.0,6.0,1.0,4.0,2.0,3.0,7.0,5.0,5.0,1.0,5.0,3.0,3.0,2.0,2.0,3.0,7.0,4.0,1.0,4.0,4.0,4.0,5.0,1.0,4.0,4.0,1.0,4.0,5.0,9.0,10.0,4.0
2023-10-29,4.0,1.0,1.0,10.0,3.0,10.0,2.0,5.0,1.0,4.0,3.0,2.0,5.0,1.0,7.0,3.0,6.0,3.0,6.0,4.0,4.0,5.0,10.0,7.0,2.0,3.0,3.0,7.0,8.0,4.0,7.0,3.0,6.0,5.0,10.0,6.0,4.0,3.0,3.0,2.0,1.0,3.0,7.0,4.0,5.0,6.0,4.0,3.0,6.0,5.0,1.0,6.0,3.0,2.0,1.0,8.0,10.0,4.0
2023-11-05,1.0,10.0,1.0,10.0,6.0,2.0,8.0,9.0,8.0,1.0,2.0,2.0,3.0,1.0,6.0,10.0,5.0,1.0,6.0,5.0,8.0,4.0,7.0,5.0,4.0,4.0,2.0,10.0,6.0,6.0,7.0,8.0,2.0,9.0,5.0,10.0,9.0,4.0,4.0,2.0,1.0,3.0,10.0,6.0,3.0,4.0,5.0,4.0,6.0,1.0,1.0,4.0,1.0,4.0,9.0,1.0,10.0,10.0
2023-11-12,1.0,1.0,1.0,1.0,1.0,10.0,3.0,7.0,5.0,6.0,1.0,3.0,9.0,2.0,7.0,4.0,7.0,5.0,5.0,4.0,4.0,2.0,10.0,8.0,5.0,3.0,5.0,7.0,8.0,2.0,10.0,3.0,2.0,6.0,8.0,6.0,6.0,6.0,1.0,5.0,4.0,7.0,3.0,5.0,1.0,8.0,6.0,9.0,8.0,1.0,4.0,5.0,3.0,10.0,9.0,10.0,1.0,3.0
2023-11-19,5.0,1.0,1.0,10.0,6.0,10.0,4.0,10.0,6.0,5.0,3.0,5.0,2.0,7.0,10.0,10.0,8.0,9.0,5.0,6.0,8.0,5.0,5.0,7.0,5.0,6.0,4.0,8.0,9.0,4.0,8.0,10.0,7.0,9.0,7.0,10.0,4.0,1.0,5.0,1.0,4.0,6.0,9.0,4.0,4.0,5.0,7.0,6.0,10.0,1.0,10.0,5.0,3.0,2.0,5.0,7.0,10.0,5.0
2023-11-26,1.0,1.0,1.0,10.0,2.0,8.0,10.0,7.0,10.0,4.0,1.0,5.0,10.0,1.0,8.0,8.0,9.0,3.0,7.0,8.0,8.0,3.0,10.0,7.0,7.0,5.0,5.0,9.0,10.0,2.0,10.0,3.0,1.0,9.0,9.0,10.0,8.0,6.0,8.0,4.0,5.0,6.0,4.0,7.0,5.0,6.0,6.0,8.0,10.0,1.0,5.0,8.0,3.0,9.0,8.0,1.0,1.0,10.0
2023-12-03,1.0,1.0,1.0,10.0,3.0,5.0,6.0,7.0,10.0,2.0,7.0,7.0,10.0,3.0,4.0,10.0,8.0,5.0,10.0,7.0,8.0,3.0,10.0,10.0,6.0,4.0,7.0,8.0,5.0,2.0,10.0,1.0,5.0,7.0,10.0,10.0,4.0,6.0,6.0,2.0,6.0,5.0,2.0,3.0,6.0,7.0,6.0,10.0,10.0,1.0,7.0,2.0,3.0,8.0,4.0,1.0,1.0,3.0
2023-12-10,4.0,10.0,1.0,10.0,1.0,10.0,6.0,10.0,10.0,5.0,1.0,9.0,10.0,1.0,9.0,10.0,10.0,3.0,10.0,8.0,5.0,5.0,10.0,10.0,3.0,9.0,9.0,10.0,10.0,5.0,10.0,8.0,7.0,10.0,10.0,7.0,7.0,7.0,5.0,10.0,6.0,10.0,10.0,4.0,10.0,10.0,10.0,7.0,10.0,1.0,5.0,5.0,1.0,10.0,7.0,10.0,1.0,8.0
2023-12-17,1.0,1.0,10.0,10.0,9.0,10.0,10.0,10.0,10.0,5.0,5.0,6.0,10.0,5.0,8.0,10.0,10.0,8.0,10.0,10.0,10.0,10.0,10.0,7.0,3.0,10.0,8.0,10.0,10.0,6.0,10.0,10.0,6.0,10.0,10.0,10.0,9.0,2.0,10.0,10.0,8.0,10.0,10.0,4.0,9.0,9.0,8.0,5.0,9.0,1.0,5.0,6.0,2.0,10.0,6.0,10.0,1.0,10.0
2023-12-24,1.0,1.0,1.0,10.0,3.0,10.0,4.0,9.0,10.0,4.0,7.0,9.0,4.0,6.0,10.0,10.0,10.0,9.0,10.0,10.0,10.0,7.0,7.0,10.0,8.0,10.0,10.0,10.0,7.0,7.0,10.0,10.0,9.0,10.0,10.0,10.0,9.0,6.0,6.0,2.0,7.0,10.0,9.0,6.0,10.0,10.0,10.0,10.0,10.0,8.0,10.0,6.0,6.0,6.0,10.0,1.0,1.0,8.0
2023-12-31,5.0,1.0,1.0,10.0,5.0,2.0,10.0,5.0,10.0,2.0,1.0,9.0,8.0,6.0,10.0,10.0,10.0,6.0,9.0,10.0,10.0,4.0,5.0,6.0,7.0,5.0,10.0,10.0,7.0,9.0,9.0,3.0,4.0,10.0,10.0,10.0,7.0,5.0,9.0,2.0,10.0,10.0,10.0,2.0,4.0,5.0,6.0,10.0,10.0,5.0,6.0,7.0,4.0,8.0,9.0,1.0,10.0,8.0
2024-01-07,4.0,1.0,10.0,10.0,1.0,3.0,10.0,9.0,8.0,8.0,4.0,8.0,3.0,1.0,8.0,10.0,10.0,1.0,10.0,8.0,7.0,5.0,8.0,5.0,5.0,8.0,9.0,7.0,7.0,7.0,5.0,3.0,4.0,8.0,9.0,5.0,6.0,7.0,5.0,10.0,4.0,8.0,6.0,5.0,3.0,5.0,8.0,4.0,10.0,9.0,1.0,10.0,1.0,10.0,7.0,1.0,10.0,10.0
2024-01-14,4.0,1.0,1.0,10.0,4.0,10.0,8.0,2.0,9.0,2.0,4.0,7.0,3.0,2.0,2.0,8.0,3.0,6.0,5.0,8.0,6.0,5.0,6.0,4.0,1.0,2.0,5.0,8.0,2.0,5.0,6.0,6.0,8.0,5.0,8.0,4.0,4.0,3.0,4.0,1.0,3.0,3.0,1.0,1.0,1.0,8.0,8.0,3.0,10.0,4.0,4.0,7.0,1.0,7.0,5.0,1.0,10.0,4.0
2024-01-21,1.0,1.0,1.0,8.0,1.0,3.0,9.0,10.0,7.0,5.0,3.0,6.0,9.0,2.0,7.0,4.0,6.0,1.0,3.0,5.0,3.0,1.0,4.0,4.0,3.0,1.0,5.0,3.0,2.0,1.0,5.0,7.0,2.0,9.0,3.0,3.0,2.0,3.0,4.0,2.0,4.0,6.0,6.0,3.0,3.0,5.0,5.0,4.0,7.0,3.0,1.0,3.0,2.0,2.0,2.0,1.0,1.0,3.0
2024-01-28,10.0,1.0,1.0,10.0,1.0,7.0,2.0,3.0,7.0,2.0,2.0,2.0,10.0,1.0,4.0,8.0,7.0,3.0,5.0,3.0,5.0,1.0,2.0,8.0,4.0,1.0,6.0,6.0,3.0,4.0,4.0,6.0,3.0,5.0,8.0,3.0,5.0,3.0,2.0,2.0,4.0,5.0,4.0,3.0,2.0,6.0,2.0,3.0,5.0,1.0,1.0,3.0,1.0,4.0,1.0,1.0,1.0,10.0
2024-02-04,4.0,1.0,1.0,10.0,1.0,9.0,6.0,3.0,5.0,1.0,1.0,5.0,2.0,2.0,5.0,4.0,8.0,1.0,5.0,5.0,4.0,4.0,5.0,2.0,1.0,6.0,5.0,6.0,5.0,7.0,3.0,10.0,4.0,2.0,4.0,5.0,4.0,1.0,5.0,10.0,6.0,6.0,3.0,6.0,1.0,6.0,5.0,2.0,9.0,4.0,5.0,4.0,1.0,10.0,1.0,1.0,1.0,10.0
2024-02-11,1.0,10.0,1.0,1.0,1.0,3.0,10.0,7.0,4.0,1.0,6.0,2.0,4.0,1.0,4.0,5.0,7.0,1.0,4.0,5.0,8.0,10.0,7.0,6.0,2.0,4.0,5.0,7.0,3.0,1.0,1.0,3.0,4.0,2.0,9.0,6.0,6.0,1.0,5.0,10.0,4.0,3.0,1.0,1.0,1.0,6.0,4.0,7.0,8.0,5.0,1.0,5.0,2.0,2.0,1.0,1.0,1.0,5.0
2024-02-18,1.0,10.0,1.0,1.0,4.0,9.0,1.0,8.0,1.0,4.0,1.0,7.0,2.0,1.0,10.0,8.0,7.0,6.0,4.0,9.0,10.0,3.0,7.0,3.0,3.0,7.0,4.0,4.0,6.0,1.0,8.0,6.0,5.0,6.0,5.0,5.0,4.0,3.0,5.0,2.0,2.0,8.0,10.0,5.0,3.0,8.0,8.0,6.0,8.0,1.0,2.0,9.0,1.0,7.0,1.0,1.0,1.0,10.0
2024-02-25,1.0,10.0,1.0,1.0,3.0,3.0,3.0,1.0,8.0,4.0,1.0,5.0,1.0,3.0,3.0,5.0,8.0,4.0,7.0,5.0,8.0,1.0,6.0,7.0,4.0,7.0,7.0,5.0,5.0,1.0,4.0,6.0,3.0,5.0,9.0,4.0,4.0,1.0,1.0,2.0,1.0,4.0,7.0,1.0,2.0,7.0,4.0,6.0,9.0,1.0,1.0,8.0,1.0,10.0,2.0,10.0,1.0,5.0
2024-03-03,4.0,1.0,10.0,10.0,1.0,7.0,2.0,4.0,5.0,3.0,2.0,4.0,1.0,1.0,8.0,8.0,9.0,2.0,4.0,5.0,5.0,3.0,5.0,8.0,3.0,6.0,6.0,4.0,7.0,4.0,3.0,1.0,3.0,6.0,9.0,7.0,7.0,3.0,5.0,2.0,6.0,3.0,6.0,3.0,6.0,8.0,7.0,7.0,10.0,6.0,1.0,6.0,2.0,4.0,4.0,10.0,1.0,8.0
2024-03-10,1.0,1.0,1.0,1.0,2.0,4.0,4.0,3.0,7.0,1.0,1.0,4.0,7.0,1.0,7.0,8.0,7.0,5.0,5.0,10.0,7.0,1.0,2.0,4.0,3.0,2.0,4.0,8.0,5.0,5.0,7.0,10.0,4.0,8.0,6.0,5.0,5.0,3.0,5.0,1.0,4.0,7.0,4.0,1.0,3.0,7.0,4.0,4.0,7.0,1.0,1.0,7.0,1.0,4.0,1.0,1.0,1.0,9.0
2024-03-17,1.0,10.0,1.0,10.0,6.0,2.0,1.0,5.0,3.0,1.0,2.0,4.0,3.0,1.0,8.0,5.0,10.0,4.0,6.0,2.0,7.0,4.0,3.0,5.0,4.0,1.0,5.0,9.0,3.0,4.0,6.0,1.0,5.0,8.0,7.0,1.0,5.0,4.0,5.0,2.0,1.0,7.0,9.0,1.0,6.0,10.0,4.0,5.0,9.0,1.0,1.0,8.0,2.0,7.0,1.0,1.0,1.0,4.0
2024-03-24,5.0,1.0,1.0,1.0,3.0,1.0,4.0,5.0,5.0,2.0,1.0,2.0,4.0,3.0,5.0,7.0,6.0,4.0,4.0,6.0,10.0,3.0,8.0,10.0,5.0,4.0,5.0,5.0,10.0,1.0,6.0,10.0,7.0,8.0,8.0,8.0,7.0,3.0,3.0,5.0,3.0,10.0,5.0,1.0,4.0,10.0,5.0,7.0,10.0,5.0,1.0,5.0,1.0,9.0,1.0,10.0,1.0,5.0
2024-03-31,1.0,1.0,1.0,1.0,1.0,2.0,4.0,3.0,9.0,3.0,1.0,7.0,4.0,1.0,3.0,6.0,5.0,4.0,8.0,7.0,5.0,6.0,6.0,4.0,7.0,6.0,5.0,7.0,5.0,1.0,6.0,6.0,5.0,4.0,10.0,7.0,5.0,3.0,3.0,2.0,1.0,4.0,7.0,1.0,4.0,5.0,2.0,5.0,5.0,4.0,6.0,7.0,1.0,10.0,1.0,1.0,10.0,4.0
2024-04-07,1.0,1.0,1.0,1.0,1.0,6.0,4.0,6.0,7.0,3.0,1.0,1.0,6.0,5.0,1.0,4.0,4.0,5.0,5.0,3.0,3.0,2.0,7.0,3.0,2.0,3.0,6.0,7.0,3.0,2.0,5.0,1.0,4.0,7.0,6.0,5.0,4.0,2.0,2.0,6.0,3.0,9.0,1.0,3.0,2.0,1.0,4.0,10.0,7.0,1.0,1.0,3.0,1.0,7.0,1.0,1.0,1.0,3.0
2024-04-14,4.0,1.0,1.0,1.0,1.0,10.0,2.0,1.0,2.0,4.0,1.0,4.0,1.0,1.0,3.0,3.0,3.0,3.0,3.0,2.0,7.0,1.0,4.0,2.0,5.0,5.0,4.0,4.0,2.0,1.0,1.0,9.0,2.0,5.0,6.0,1.0,5.0,2.0,4.0,2.0,2.0,4.0,5.0,10.0,2.0,4.0,7.0,2.0,7.0,1.0,1.0,3.0,1.0,9.0,2.0,1.0,1.0,3.0
2024-04-21,1.0,1.0,1.0,1.0,1.0,1.0,2.0,3.0,4.0,1.0,1.0,2.0,1.0,1.0,4.0,1.0,5.0,1.0,1.0,1.0,4.0,2.0,3.0,2.0,2.0,1.0,2.0,3.0,3.0,1.0,3.0,1.0,5.0,4.0,7.0,4.0,2.0,1.0,4.0,1.0,1.0,2.0,8.0,1.0,3.0,4.0,1.0,2.0,2.0,4.0,1.0,9.0,3.0,5.0,7.0,1.0,1.0,5.0
2024-04-28,1.0,1.0,1.0,10.0,1.0,1.0,2.0,3.0,4.0,1.0,1.0,3.0,1.0,1.0,5.0,6.0,3.0,2.0,4.0,1.0,5.0,1.0,5.0,2.0,1.0,1.0,3.0,2.0,1.0,2.0,1.0,7.0,1.0,2.0,4.0,1.0,3.0,1.0,2.0,1.0,1.0,3.0,5.0,1.0,2.0,4.0,4.0,2.0,1.0,1.0,2.0,3.0,1.0,5.0,1.0,1.0,1.0,5.0
2024-05-05,1.0,10.0,1.0,1.0,2.0,1.0,1.0,2.0,2.0,1.0,3.0,3.0,1.0,1.0,2.0,3.0,4.0,3.0,4.0,2.0,1.0,5.0,1.0,1.0,1.0,1.0,4.0,2.0,4.0,1.0,2.0,2.0,1.0,5.0,2.0,1.0,4.0,3.0,3.0,2.0,1.0,2.0,1.0,1.0,3.0,1.0,2.0,4.0,5.0,1.0,3.0,9.0,1.0,1.0,1.0,1.0,1.0,2.0
2024-05-12,1.0,1.0,1.0,10.0,1.0,1.0,2.0,4.0,4.0,1.0,2.0,2.0,1.0,1.0,4.0,5.0,3.0,3.0,1.0,2.0,3.0,1.0,3.0,3.0,1.0,4.0,2.0,4.0,1.0,1.0,4.0,10.0,1.0,2.0,3.0,3.0,2.0,1.0,2.0,1.0,4.0,2.0,1.0,1.0,1.0,7.0,4.0,6.0,4.0,1.0,1.0,5.0,1.0,2.0,1.0,10.0,1.0,4.0
2024-05-19,4.0,1.0,1.0,1.0,1.0,6.0,1.0,3.0,1.0,1.0,1.0,2.0,3.0,1.0,6.0,4.0,1.0,1.0,2.0,1.0,2.0,1.0,1.0,1.0,1.0,1.0,1.0,3.0,4.0,1.0,1.0,2.0,3.0,1.0,4.0,2.0,3.0,2.0,3.0,2.0,1.0,2.0,1.0,1.0,2.0,1.0,3.0,2.0,2.0,1.0,1.0,4.0,1.0,4.0,1.0,1.0,1.0,2.0
2024-05-26,5.0,1.0,1.0,1.0,1.0,3.0,2.0,4.0,1.0,1.0,3.0,1.0,1.0,1.0,1.0,2.0,1.0,1.0,1.0,3.0,3.0,1.0,1.0,1.0,1.0,4.0,1.0,2.0,1.0,1.0,1.0,5.0,4.0,2.0,4.0,3.0,4.0,1.0,1.0,2.0,1.0,2.0,3.0,1.0,2.0,2.0,2.0,2.0,2.0,1.0,1.0,1.0,1.0,4.0,2.0,1.0,1.0,5.0
2024-06-02,1.0,1.0,1.0,1.0,1.0,1.0,2.0,1.0,2.0,1.0,1.0,1.0,1.0,1.0,3.0,3.0,3.0,1.0,3.0,2.0,1.0,1.0,3.0,1.0,2.0,2.0,1.0,1.0,4.0,1.0,1.0,7.0,3.0,3.0,1.0,2.0,1.0,2.0,2.0,1.0,1.0,1.0,5.0,1.0,3.0,3.0,1.0,4.0,1.0,1.0,1.0,1.0,1.0,6.0,3.0,1.0,1.0,2.0
2024-06-09,1.0,1.0,1.0,1.0,1.0,1.0,1.0,1.0,2.0,1.0,1.0,1.0,1.0,1.0,1.0,1.0,2.0,1.0,2.0,2.0,1.0,1.0,2.0,3.0,1.0,1.0,2.0,1.0,2.0,1.0,1.0,1.0,1.0,2.0,1.0,2.0,2.0,1.0,2.0,10.0,1.0,4.0,3.0,1.0,1.0,2.0,1.0,2.0,1.0,5.0,1.0,1.0,1.0,1.0,5.0,1.0,1.0,1.0
2024-06-16,1.0,1.0,1.0,1.0,1.0,6.0,3.0,1.0,2.0,1.0,1.0,1.0,1.0,1.0,4.0,1.0,2.0,1.0,2.0,1.0,1.0,1.0,1.0,2.0,1.0,1.0,1.0,1.0,4.0,1.0,1.0,1.0,1.0,1.0,1.0,2.0,2.0,1.0,1.0,2.0,1.0,1.0,2.0,1.0,1.0,2.0,2.0,4.0,1.0,1.0,1.0,3.0,1.0,3.0,1.0,1.0,1.0,1.0
2024-06-23,1.0,1.0,1.0,1.0,1.0,1.0,1.0,1.0,3.0,1.0,1.0,1.0,1.0,1.0,4.0,5.0,2.0,1.0,1.0,3.0,1.0,2.0,1.0,2.0,1.0,1.0,1.0,1.0,1.0,1.0,2.0,7.0,1.0,1.0,1.0,1.0,1.0,1.0,1.0,2.0,1.0,1.0,2.0,1.0,1.0,1.0,1.0,1.0,2.0,1.0,1.0,5.0,1.0,1.0,1.0,1.0,1.0,1.0
2024-06-30,1.0,1.0,1.0,1.0,1.0,3.0,1.0,3.0,1.0,1.0,1.0,1.0,4.0,1.0,1.0,1.0,1.0,1.0,1.0,1.0,1.0,1.0,1.0,1.0,1.0,1.0,1.0,1.0,1.0,2.0,3.0,1.0,2.0,1.0,1.0,4.0,1.0,1.0,1.0,1.0,1.0,1.0,1.0,1.0,1.0,1.0,1.0,1.0,2.0,1.0,1.0,1.0,1.0,1.0,1.0,7.0,1.0,1.0
2024-07-07,5.0,1.0,1.0,1.0,1.0,1.0,1.0,2.0,1.0,2.0,2.0,1.0,1.0,1.0,1.0,1.0,1.0,1.0,1.0,1.0,1.0,1.0,1.0,1.0,2.0,3.0,2.0,1.0,1.0,3.0,1.0,1.0,1.0,1.0,1.0,2.0,2.0,1.0,1.0,2.0,1.0,1.0,4.0,4.0,1.0,1.0,1.0,1.0,1.0,1.0,1.0,1.0,1.0,1.0,1.0,1.0,1.0,3.0
2024-07-14,1.0,1.0,1.0,1.0,1.0,1.0,1.0,2.0,1.0,1.0,3.0,1.0,2.0,1.0,1.0,3.0,1.0,2.0,1.0,1.0,2.0,2.0,3.0,1.0,1.0,1.0,1.0,1.0,2.0,1.0,3.0,1.0,2.0,1.0,3.0,1.0,1.0,2.0,1.0,9.0,1.0,1.0,4.0,1.0,1.0,1.0,2.0,1.0,2.0,1.0,1.0,7.0,1.0,2.0,2.0,1.0,1.0,3.0
2024-07-21,1.0,1.0,1.0,1.0,1.0,1.0,1.0,1.0,1.0,1.0,2.0,1.0,1.0,1.0,3.0,7.0,2.0,1.0,3.0,3.0,2.0,2.0,1.0,1.0,1.0,1.0,1.0,2.0,1.0,1.0,1.0,8.0,3.0,1.0,1.0,1.0,2.0,2.0,1.0,1.0,1.0,1.0,3.0,3.0,2.0,2.0,3.0,1.0,2.0,3.0,1.0,2.0,1.0,2.0,1.0,1.0,1.0,3.0
2024-07-28,1.0,1.0,1.0,1.0,1.0,6.0,5.0,1.0,2.0,1.0,1.0,1.0,1.0,1.0,1.0,1.0,3.0,1.0,3.0,1.0,1.0,1.0,2.0,2.0,1.0,1.0,1.0,1.0,1.0,1.0,2.0,1.0,1.0,1.0,1.0,2.0,1.0,2.0,1.0,2.0,1.0,2.0,1.0,1.0,1.0,1.0,2.0,1.0,1.0,1.0,1.0,1.0,1.0,1.0,1.0,1.0,1.0,3.0
2024-08-04,1.0,10.0,1.0,1.0,1.0,1.0,3.0,3.0,2.0,1.0,1.0,1.0,1.0,1.0,1.0,1.0,1.0,3.0,1.0,2.0,3.0,2.0,1.0,1.0,4.0,1.0,1.0,1.0,1.0,1.0,3.0,1.0,1.0,2.0,2.0,2.0,2.0,1.0,1.0,1.0,1.0,3.0,2.0,1.0,1.0,1.0,1.0,4.0,2.0,1.0,1.0,1.0,1.0,5.0,3.0,1.0,1.0,1.0
2024-08-11,1.0,10.0,1.0,1.0,1.0,8.0,1.0,1.0,4.0,1.0,1.0,1.0,1.0,1.0,1.0,4.0,1.0,1.0,3.0,1.0,1.0,1.0,1.0,2.0,2.0,2.0,2.0,2.0,2.0,1.0,1.0,1.0,2.0,3.0,4.0,1.0,1.0,3.0,1.0,2.0,1.0,3.0,1.0,4.0,1.0,2.0,3.0,1.0,1.0,1.0,1.0,2.0,1.0,4.0,1.0,1.0,1.0,1.0
2024-08-18,4.0,1.0,1.0,10.0,1.0,1.0,1.0,1.0,3.0,3.0,1.0,1.0,1.0,2.0,1.0,2.0,5.0,1.0,4.0,3.0,2.0,1.0,2.0,3.0,2.0,3.0,3.0,1.0,1.0,1.0,1.0,1.0,1.0,4.0,2.0,2.0,2.0,1.0,2.0,7.0,1.0,2.0,2.0,1.0,1.0,3.0,2.0,1.0,2.0,1.0,1.0,3.0,1.0,4.0,1.0,1.0,1.0,1.0
2024-08-25,1.0,1.0,1.0,1.0,1.0,2.0,1.0,1.0,1.0,1.0,1.0,1.0,4.0,1.0,2.0,2.0,1.0,1.0,2.0,2.0,2.0,1.0,2.0,1.0,4.0,3.0,2.0,3.0,3.0,1.0,1.0,1.0,2.0,4.0,5.0,2.0,1.0,1.0,1.0,1.0,3.0,4.0,1.0,1.0,1.0,2.0,1.0,3.0,5.0,1.0,1.0,1.0,1.0,1.0,5.0,7.0,1.0,1.0
2024-09-01,1.0,1.0,1.0,1.0,1.0,6.0,1.0,1.0,1.0,1.0,1.0,2.0,1.0,1.0,3.0,6.0,4.0,1.0,2.0,2.0,3.0,4.0,1.0,1.0,4.0,2.0,2.0,3.0,2.0,1.0,4.0,1.0,5.0,2.0,6.0,1.0,4.0,1.0,1.0,1.0,4.0,4.0,5.0,3.0,4.0,1.0,2.0,1.0,3.0,3.0,1.0,2.0,2.0,4.0,4.0,1.0,1.0,3.0
2024-09-08,3.0,1.0,1.0,1.0,1.0,2.0,1.0,2.0,2.0,1.0,1.0,1.0,1.0,1.0,1.0,4.0,6.0,1.0,3.0,4.0,1.0,2.0,2.0,2.0,6.0,3.0,4.0,3.0,3.0,1.0,3.0,2.0,1.0,3.0,7.0,1.0,3.0,2.0,3.0,2.0,3.0,2.0,9.0,1.0,3.0,1.0,4.0,5.0,4.0,1.0,1.0,1.0,1.0,7.0,2.0,1.0,1.0,2.0
2024-09-15,1.0,1.0,1.0,1.0,4.0,1.0,2.0,3.0,5.0,1.0,1.0,3.0,3.0,1.0,2.0,2.0,2.0,1.0,3.0,1.0,5.0,1.0,3.0,3.0,1.0,4.0,3.0,3.0,3.0,2.0,3.0,10.0,2.0,4.0,2.0,1.0,2.0,1.0,1.0,2.0,3.0,2.0,3.0,3.0,2.0,6.0,1.0,1.0,6.0,3.0,1.0,1.0,4.0,5.0,1.0,1.0,1.0,1.0
2024-09-22,1.0,1.0,10.0,1.0,1.0,7.0,1.0,2.0,3.0,1.0,1.0,1.0,1.0,1.0,1.0,3.0,4.0,2.0,1.0,3.0,2.0,1.0,1.0,1.0,1.0,1.0,3.0,2.0,1.0,1.0,1.0,1.0,1.0,4.0,1.0,2.0,4.0,1.0,4.0,1.0,1.0,2.0,1.0,7.0,1.0,3.0,1.0,1.0,2.0,1.0,1.0,4.0,1.0,5.0,1.0,1.0,1.0,7.0
2024-09-29,1.0,1.0,1.0,1.0,1.0,10.0,1.0,1.0,6.0,1.0,1.0,1.0,1.0,1.0,1.0,4.0,6.0,1.0,6.0,1.0,1.0,1.0,2.0,1.0,2.0,6.0,3.0,4.0,2.0,1.0,4.0,3.0,1.0,1.0,4.0,2.0,1.0,1.0,4.0,10.0,2.0,3.0,4.0,1.0,1.0,4.0,3.0,2.0,6.0,10.0,8.0,1.0,1.0,10.0,1.0,1.0,1.0,1.0
2024-10-06,6.0,1.0,1.0,1.0,1.0,10.0,8.0,1.0,6.0,1.0,1.0,7.0,1.0,7.0,2.0,10.0,7.0,1.0,7.0,4.0,1.0,1.0,1.0,6.0,1.0,4.0,4.0,3.0,1.0,4.0,2.0,1.0,1.0,10.0,2.0,4.0,5.0,1.0,1.0,9.0,5.0,3.0,9.0,6.0,1.0,5.0,4.0,1.0,6.0,1.0,1.0,1.0,1.0,5.0,1.0,1.0,1.0,5.0
2024-10-13,8.0,1.0,10.0,1.0,1.0,1.0,1.0,4.0,2.0,1.0,1.0,1.0,1.0,2.0,4.0,1.0,5.0,2.0,6.0,4.0,4.0,1.0,3.0,4.0,5.0,1.0,4.0,3.0,2.0,1.0,7.0,4.0,1.0,2.0,9.0,2.0,1.0,5.0,1.0,1.0,4.0,5.0,10.0,5.0,4.0,3.0,4.0,2.0,3.0,1.0,1.0,1.0,5.0,10.0,5.0,10.0,1.0,1.0
2024-10-20,1.0,1.0,1.0,1.0,1.0,10.0,4.0,1.0,5.0,1.0,3.0,1.0,1.0,1.0,1.0,2.0,4.0,4.0,7.0,2.0,3.0,1.0,4.0,1.0,5.0,3.0,1.0,4.0,2.0,1.0,4.0,1.0,2.0,3.0,5.0,4.0,5.0,3.0,7.0,1.0,2.0,5.0,5.0,1.0,1.0,6.0,5.0,2.0,5.0,1.0,1.0,3.0,1.0,2.0,1.0,10.0,1.0,1.0
2024-10-27,1.0,1.0,1.0,1.0,5.0,4.0,1.0,1.0,4.0,4.0,2.0,1.0,7.0,1.0,7.0,2.0,5.0,4.0,8.0,2.0,6.0,3.0,1.0,5.0,5.0,1.0,3.0,4.0,5.0,10.0,6.0,1.0,3.0,6.0,9.0,4.0,3.0,1.0,2.0,8.0,1.0,8.0,9.0,4.0,1.0,5.0,4.0,2.0,9.0,1.0,1.0,1.0,1.0,7.0,3.0,1.0,1.0,1.0
2024-11-03,1.0,1.0,1.0,1.0,1.0,1.0,1.0,2.0,5.0,1.0,1.0,3.0,6.0,4.0,4.0,6.0,5.0,1.0,5.0,5.0,3.0,1.0,5.0,7.0,1.0,1.0,3.0,2.0,6.0,1.0,1.0,1.0,2.0,6.0,10.0,3.0,4.0,1.0,2.0,1.0,3.0,6.0,10.0,4.0,4.0,8.0,6.0,4.0,1.0,6.0,1.0,3.0,1.0,5.0,1.0,1.0,1.0,5.0
2024-11-10,6.0,1.0,1.0,1.0,1.0,10.0,3.0,5.0,6.0,1.0,1.0,5.0,8.0,1.0,9.0,4.0,9.0,1.0,9.0,2.0,4.0,1.0,5.0,7.0,2.0,1.0,8.0,4.0,2.0,3.0,2.0,1.0,1.0,2.0,6.0,8.0,7.0,1.0,5.0,10.0,5.0,6.0,4.0,8.0,1.0,6.0,4.0,1.0,9.0,1.0,9.0,1.0,4.0,7.0,1.0,1.0,1.0,2.0
2024-11-17,1.0,1.0,1.0,10.0,9.0,10.0,5.0,2.0,5.0,3.0,1.0,6.0,1.0,1.0,2.0,10.0,10.0,2.0,7.0,3.0,7.0,4.0,8.0,3.0,4.0,7.0,4.0,6.0,1.0,1.0,3.0,10.0,3.0,5.0,9.0,2.0,1.0,5.0,1.0,2.0,4.0,5.0,9.0,1.0,3.0,9.0,6.0,6.0,6.0,1.0,1.0,3.0,1.0,7.0,4.0,1.0,1.0,3.0
2024-11-24,7.0,1.0,1.0,1.0,1.0,1.0,5.0,1.0,7.0,1.0,6.0,5.0,5.0,1.0,6.0,7.0,5.0,5.0,7.0,2.0,2.0,1.0,8.0,2.0,10.0,5.0,8.0,2.0,10.0,1.0,1.0,5.0,5.0,6.0,7.0,6.0,4.0,2.0,1.0,2.0,5.0,2.0,3.0,5.0,4.0,10.0,4.0,10.0,3.0,7.0,1.0,4.0,1.0,10.0,6.0,1.0,1.0,2.0
2024-12-01,6.0,1.0,1.0,1.0,10.0,1.0,1.0,5.0,10.0,1.0,1.0,1.0,1.0,4.0,10.0,10.0,10.0,2.0,6.0,7.0,9.0,1.0,7.0,4.0,2.0,4.0,7.0,7.0,10.0,1.0,7.0,4.0,4.0,7.0,10.0,8.0,6.0,9.0,1.0,4.0,5.0,10.0,3.0,4.0,6.0,9.0,2.0,4.0,10.0,10.0,1.0,1.0,4.0,2.0,5.0,1.0,1.0,1.0
2024-12-08,6.0,1.0,1.0,10.0,10.0,1.0,2.0,10.0,10.0,9.0,1.0,7.0,9.0,1.0,6.0,8.0,10.0,1.0,10.0,6.0,9.0,10.0,10.0,2.0,4.0,3.0,10.0,10.0,6.0,10.0,10.0,4.0,7.0,10.0,10.0,8.0,8.0,10.0,2.0,10.0,5.0,10.0,7.0,10.0,7.0,10.0,6.0,5.0,10.0,4.0,5.0,6.0,1.0,9.0,4.0,1.0,1.0,6.0
2024-12-15,6.0,1.0,1.0,1.0,1.0,1.0,10.0,10.0,10.0,6.0,1.0,4.0,1.0,5.0,10.0,10.0,10.0,7.0,10.0,10.0,10.0,1.0,10.0,8.0,10.0,9.0,10.0,10.0,8.0,4.0,10.0,10.0,10.0,10.0,10.0,8.0,8.0,7.0,4.0,2.0,10.0,10.0,9.0,10.0,4.0,10.0,7.0,10.0,10.0,10.0,1.0,10.0,3.0,4.0,10.0,1.0,1.0,9.0
2024-12-22,1.0,1.0,1.0,10.0,10.0,10.0,10.0,10.0,10.0,5.0,7.0,7.0,6.0,2.0,10.0,10.0,10.0,10.0,10.0,10.0,10.0,10.0,10.0,10.0,7.0,10.0,10.0,10.0,10.0,10.0,10.0,10.0,10.0,10.0,10.0,10.0,10.0,10.0,10.0,10.0,10.0,10.0,10.0,10.0,10.0,10.0,10.0,10.0,10.0,1.0,10.0,10.0,10.0,10.0,10.0,1.0,1.0,10.0
2024-12-29,10.0,1.0,10.0,1.0,2.0,10.0,6.0,10.0,10.0,10.0,2.0,10.0,7.0,5.0,10.0,10.0,10.0,10.0,10.0,10.0,10.0,10.0,10.0,10.0,10.0,10.0,10.0,10.0,10.0,10.0,10.0,10.0,10.0,10.0,10.0,10.0,10.0,10.0,10.0,10.0,10.0,10.0,10.0,10.0,10.0,10.0,10.0,10.0,10.0,1.0,7.0,10.0,7.0,10.0,10.0,10.0,1.0,10.0
2025-01-05,1.0,10.0,1.0,1.0,6.0,4.0,10.0,10.0,10.0,7.0,6.0,10.0,10.0,9.0,10.0,10.0,10.0,8.0,10.0,10.0,10.0,10.0,10.0,10.0,6.0,10.0,10.0,10.0,10.0,4.0,10.0,4.0,9.0,10.0,10.0,7.0,10.0,10.0,7.0,3.0,10.0,10.0,10.0,7.0,9.0,10.0,10.0,8.0,10.0,1.0,4.0,10.0,10.0,10.0,8.0,10.0,1.0,10.0
2025-01-12,8.0,1.0,1.0,10.0,10.0,1.0,5.0,10.0,10.0,10.0,6.0,10.0,8.0,3.0,10.0,10.0,10.0,10.0,10.0,10.0,10.0,10.0,10.0,10.0,8.0,10.0,10.0,10.0,10.0,9.0,10.0,10.0,10.0,10.0,10.0,10.0,10.0,10.0,10.0,10.0,10.0,10.0,10.0,9.0,8.0,10.0,10.0,9.0,10.0,5.0,5.0,10.0,6.0,10.0,6.0,1.0,1.0,10.0
2025-01-19,8.0,1.0,1.0,1.0,10.0,10.0,10.0,10.0,10.0,5.0,1.0,8.0,10.0,10.0,10.0,10.0,10.0,10.0,10.0,10.0,10.0,4.0,10.0,10.0,10.0,2.0,10.0,10.0,10.0,10.0,10.0,10.0,10.0,10.0,10.0,10.0,10.0,7.0,10.0,10.0,10.0,10.0,10.0,1.0,8.0,10.0,10.0,10.0,10.0,1.0,8.0,7.0,4.0,10.0,10.0,1.0,1.0,10.0
2025-01-26,5.0,1.0,10.0,1.0,1.0,9.0,9.0,10.0,10.0,10.0,6.0,7.0,1.0,6.0,10.0,10.0,10.0,10.0,10.0,10.0,10.0,10.0,10.0,9.0,8.0,10.0,10.0,10.0,10.0,10.0,10.0,10.0,10.0,10.0,10.0,10.0,10.0,5.0,10.0,1.0,10.0,10.0,10.0,10.0,10.0,10.0,10.0,10.0,10.0,6.0,5.0,10.0,1.0,10.0,5.0,1.0,1.0,10.0
2025-02-02,6.0,1.0,1.0,10.0,10.0,10.0,10.0,10.0,10.0,6.0,10.0,10.0,3.0,3.0,10.0,10.0,10.0,6.0,10.0,10.0,10.0,4.0,10.0,10.0,10.0,10.0,10.0,10.0,7.0,3.0,10.0,10.0,10.0,10.0,10.0,10.0,10.0,7.0,3.0,3.0,10.0,10.0,10.0,10.0,1.0,10.0,10.0,10.0,10.0,1.0,7.0,10.0,7.0,10.0,10.0,1.0,1.0,10.0
2025-02-09,6.0,10.0,1.0,10.0,10.0,6.0,10.0,10.0,9.0,1.0,2.0,7.0,5.0,2.0,10.0,10.0,10.0,9.0,10.0,10.0,10.0,6.0,10.0,10.0,10.0,7.0,10.0,10.0,10.0,1.0,10.0,10.0,10.0,10.0,10.0,10.0,5.0,10.0,10.0,10.0,10.0,10.0,10.0,3.0,9.0,10.0,10.0,10.0,10.0,1.0,5.0,6.0,1.0,10.0,10.0,10.0,1.0,10.0
2025-02-16,1.0,10.0,1.0,1.0,5.0,5.0,4.0,10.0,10.0,3.0,3.0,10.0,5.0,3.0,10.0,10.0,10.0,10.0,10.0,10.0,10.0,1.0,10.0,10.0,3.0,10.0,9.0,9.0,10.0,7.0,10.0,3.0,7.0,10.0,10.0,10.0,10.0,5.0,10.0,7.0,9.0,10.0,2.0,10.0,9.0,10.0,10.0,10.0,10.0,10.0,2.0,6.0,1.0,10.0,10.0,1.0,10.0,10.0
2025-02-23,1.0,1.0,1.0,10.0,1.0,6.0,3.0,10.0,10.0,1.0,7.0,7.0,10.0,5.0,10.0,10.0,10.0,4.0,10.0,5.0,10.0,2.0,9.0,10.0,7.0,10.0,8.0,9.0,8.0,1.0,10.0,10.0,5.0,10.0,10.0,4.0,7.0,5.0,8.0,2.0,10.0,10.0,10.0,4.0,8.0,8.0,7.0,2.0,10.0,5.0,4.0,9.0,1.0,10.0,7.0,1.0,1.0,10.0
2025-03-02,1.0,1.0,1.0,1.0,1.0,7.0,4.0,2.0,7.0,3.0,3.0,6.0,8.0,1.0,5.0,5.0,10.0,7.0,10.0,10.0,8.0,5.0,10.0,7.0,5.0,6.0,4.0,7.0,1.0,8.0,9.0,3.0,5.0,6.0,10.0,10.0,5.0,4.0,3.0,1.0,9.0,10.0,10.0,1.0,7.0,10.0,10.0,10.0,10.0,5.0,6.0,10.0,3.0,10.0,3.0,1.0,1.0,9.0
2025-03-09,1.0,1.0,1.0,10.0,9.0,7.0,10.0,10.0,3.0,3.0,6.0,6.0,1.0,1.0,8.0,9.0,10.0,2.0,10.0,10.0,6.0,1.0,8.0,9.0,7.0,5.0,5.0,10.0,1.0,8.0,10.0,5.0,5.0,6.0,10.0,10.0,10.0,5.0,4.0,2.0,4.0,10.0,3.0,10.0,6.0,10.0,10.0,10.0,9.0,10.0,4.0,3.0,1.0,5.0,3.0,1.0,1.0,10.0
2025-03-16,1.0,10.0,1.0,1.0,10.0,6.0,1.0,5.0,7.0,1.0,1.0,9.0,2.0,7.0,10.0,10.0,9.0,3.0,8.0,10.0,9.0,5.0,6.0,8.0,6.0,1.0,4.0,7.0,8.0,2.0,10.0,1.0,4.0,9.0,10.0,10.0,4.0,1.0,1.0,3.0,9.0,10.0,10.0,10.0,7.0,6.0,8.0,4.0,10.0,10.0,5.0,2.0,3.0,6.0,10.0,1.0,1.0,4.0
2025-03-23,4.0,1.0,1.0,1.0,1.0,8.0,1.0,2.0,3.0,3.0,1.0,6.0,1.0,4.0,8.0,6.0,10.0,6.0,8.0,7.0,10.0,9.0,10.0,5.0,4.0,1.0,7.0,10.0,3.0,10.0,10.0,4.0,8.0,6.0,10.0,10.0,2.0,1.0,3.0,1.0,6.0,10.0,10.0,6.0,2.0,6.0,6.0,5.0,10.0,7.0,1.0,7.0,3.0,10.0,1.0,1.0,1.0,10.0
2025-03-30,5.0,1.0,1.0,1.0,10.0,1.0,3.0,2.0,4.0,3.0,1.0,1.0,4.0,1.0,3.0,8.0,8.0,3.0,3.0,5.0,3.0,9.0,10.0,4.0,5.0,2.0,4.0,3.0,5.0,2.0,10.0,10.0,5.0,2.0,1.0,7.0,5.0,1.0,3.0,3.0,5.0,5.0,10.0,3.0,8.0,10.0,7.0,10.0,2.0,1.0,8.0,10.0,1.0,10.0,2.0,1.0,1.0,6.0
2025-04-06,1.0,1.0,1.0,10.0,9.0,1.0,5.0,3.0,5.0,1.0,1.0,6.0,6.0,1.0,4.0,6.0,8.0,4.0,6.0,5.0,7.0,1.0,4.0,1.0,10.0,1.0,4.0,5.0,1.0,1.0,10.0,1.0,2.0,5.0,9.0,6.0,1.0,1.0,2.0,9.0,2.0,7.0,9.0,2.0,2.0,7.0,3.0,2.0,8.0,1.0,5.0,3.0,4.0,10.0,1.0,10.0,1.0,5.0
2025-04-13,6.0,1.0,1.0,1.0,1.0,1.0,8.0,3.0,2.0,3.0,3.0,1.0,2.0,3.0,1.0,1.0,8.0,3.0,4.0,4.0,5.0,1.0,10.0,5.0,3.0,6.0,5.0,5.0,1.0,10.0,6.0,10.0,6.0,6.0,8.0,1.0,2.0,1.0,2.0,1.0,2.0,1.0,2.0,10.0,1.0,2.0,10.0,1.0,10.0,1.0,1.0,10.0,2.0,10.0,1.0,1.0,1.0,6.0
2025-04-20,6.0,1.0,1.0,1.0,4.0,10.0,1.0,6.0,8.0,1.0,1.0,2.0,1.0,1.0,2.0,2.0,8.0,1.0,5.0,5.0,6.0,5.0,10.0,4.0,2.0,1.0,5.0,3.0,1.0,1.0,2.0,10.0,1.0,3.0,5.0,5.0,2.0,3.0,3.0,1.0,4.0,1.0,7.0,10.0,1.0,6.0,4.0,1.0,8.0,1.0,2.0,3.0,1.0,4.0,8.0,1.0,10.0,1.0
2025-04-27,1.0,1.0,1.0,1.0,2.0,1.0,3.0,1.0,1.0,5.0,1.0,1.0,4.0,1.0,5.0,3.0,6.0,2.0,8.0,1.0,6.0,1.0,4.0,1.0,1.0,1.0,5.0,3.0,1.0,3.0,3.0,1.0,2.0,1.0,5.0,2.0,1.0,1.0,1.0,3.0,3.0,1.0,1.0,1.0,3.0,4.0,4.0,1.0,1.0,1.0,1.0,1.0,1.0,1.0,2.0,10.0,1.0,4.0
2025-05-04,6.0,1.0,1.0,1.0,1.0,10.0,1.0,2.0,4.0,1.0,1.0,3.0,2.0,1.0,4.0,2.0,4.0,2.0,4.0,2.0,4.0,4.0,8.0,1.0,1.0,2.0,1.0,8.0,3.0,1.0,10.0,1.0,1.0,6.0,2.0,2.0,2.0,1.0,1.0,3.0,1.0,1.0,4.0,1.0,1.0,9.0,4.0,3.0,8.0,1.0,5.0,3.0,1.0,3.0,1.0,10.0,1.0,8.0
2025-05-11,8.0,1.0,1.0,1.0,1.0,1.0,1.0,2.0,1.0,1.0,1.0,3.0,3.0,1.0,8.0,10.0,3.0,1.0,4.0,2.0,5.0,2.0,2.0,1.0,1.0,1.0,1.0,5.0,3.0,10.0,6.0,1.0,2.0,6.0,1.0,2.0,1.0,2.0,1.0,3.0,1.0,2.0,1.0,1.0,7.0,3.0,4.0,4.0,1.0,1.0,1.0,4.0,1.0,8.0,1.0,1.0,1.0,4.0
2025-05-18,1.0,1.0,1.0,1.0,1.0,1.0,1.0,5.0,1.0,1.0,1.0,3.0,1.0,1.0,1.0,1.0,7.0,1.0,2.0,1.0,3.0,1.0,4.0,1.0,1.0,4.0,1.0,4.0,3.0,1.0,8.0,3.0,1.0,4.0,2.0,3.0,1.0,1.0,2.0,3.0,1.0,4.0,2.0,2.0,2.0,7.0,2.0,2.0,3.0,6.0,1.0,10.0,1.0,1.0,2.0,1.0,1.0,4.0
2025-05-25,1.0,1.0,1.0,10.0,1.0,1.0,1.0,1.0,4.0,1.0,1.0,1.0,4.0,4.0,3.0,1.0,9.0,2.0,3.0,1.0,1.0,1.0,5.0,2.0,5.0,1.0,5.0,3.0,1.0,1.0,2.0,1.0,3.0,2.0,1.0,1.0,2.0,1.0,1.0,8.0,4.0,1.0,10.0,1.0,1.0,7.0,4.0,3.0,1.0,1.0,1.0,2.0,1.0,1.0,2.0,1.0,1.0,9.0
2025-06-01,1.0,1.0,1.0,1.0,2.0,1.0,1.0,1.0,4.0,1.0,2.0,1.0,1.0,1.0,1.0,1.0,4.0,1.0,3.0,1.0,6.0,1.0,9.0,1.0,1.0,4.0,1.0,2.0,1.0,4.0,1.0,4.0,1.0,3.0,2.0,1.0,1.0,1.0,1.0,3.0,3.0,1.0,10.0,5.0,1.0,2.0,1.0,1.0,2.0,4.0,1.0,1.0,1.0,1.0,1.0,1.0,1.0,1.0
2025-06-08,1.0,1.0,1.0,1.0,1.0,8.0,2.0,4.0,3.0,1.0,1.0,2.0,4.0,1.0,3.0,3.0,5.0,1.0,1.0,1.0,1.0,1.0,3.0,1.0,2.0,3.0,1.0,2.0,3.0,1.0,5.0,4.0,1.0,2.0,1.0,1.0,1.0,1.0,2.0,1.0,1.0,1.0,2.0,1.0,1.0,1.0,1.0,1.0,1.0,1.0,1.0,5.0,1.0,5.0,8.0,1.0,1.0,2.0
2025-06-15,6.0,1.0,1.0,1.0,1.0,1.0,1.0,1.0,1.0,1.0,1.0,1.0,1.0,1.0,1.0,1.0,1.0,3.0,1.0,1.0,1.0,1.0,3.0,1.0,4.0,5.0,1.0,1.0,1.0,1.0,1.0,10.0,3.0,4.0,1.0,1.0,2.0,1.0,1.0,1.0,1.0,2.0,5.0,1.0,1.0,4.0,2.0,3.0,1.0,1.0,1.0,6.0,1.0,1.0,1.0,1.0,1.0,1.0
2025-06-22,1.0,1.0,1.0,1.0,5.0,1.0,3.0,2.0,1.0,1.0,1.0,1.0,1.0,1.0,1.0,1.0,2.0,1.0,1.0,1.0,3.0,1.0,3.0,1.0,1.0,1.0,1.0,1.0,1.0,1.0,1.0,1.0,1.0,1.0,2.0,1.0,1.0,1.0,1.0,1.0,5.0,2.0,1.0,1.0,1.0,1.0,3.0,1.0,1.0,1.0,1.0,1.0,1.0,4.0,1.0,1.0,1.0,2.0
2025-06-29,1.0,1.0,1.0,1.0,2.0,1.0,1.0,1.0,3.0,1.0,1.0,1.0,1.0,1.0,1.0,1.0,1.0,1.0,1.0,1.0,1.0,1.0,1.0,1.0,1.0,1.0,1.0,1.0,1.0,1.0,1.0,5.0,1.0,1.0,3.0,1.0,1.0,1.0,1.0,1.0,6.0,1.0,1.0,1.0,2.0,6.0,2.0,1.0,1.0,1.0,1.0,4.0,1.0,9.0,1.0,10.0,1.0,1.0
2025-07-06,1.0,1.0,1.0,1.0,1.0,1.0,1.0,1.0,2.0,1.0,1.0,1.0,1.0,1.0,1.0,1.0,1.0,1.0,2.0,1.0,2.0,1.0,1.0,1.0,1.0,1.0,1.0,1.0,1.0,1.0,1.0,1.0,1.0,1.0,1.0,1.0,1.0,1.0,1.0,1.0,1.0,1.0,4.0,4.0,1.0,1.0,1.0,6.0,1.0,1.0,1.0,1.0,1.0,1.0,3.0,1.0,1.0,1.0
2025-07-13,5.0,1.0,1.0,1.0,1.0,6.0,1.0,1.0,1.0,1.0,1.0,1.0,1.0,1.0,1.0,1.0,1.0,1.0,1.0,1.0,2.0,2.0,3.0,1.0,1.0,1.0,1.0,1.0,1.0,1.0,1.0,4.0,1.0,1.0,1.0,1.0,1.0,1.0,1.0,1.0,1.0,1.0,1.0,1.0,1.0,1.0,3.0,1.0,1.0,1.0,1.0,1.0,1.0,1.0,1.0,1.0,1.0,1.0
2025-07-20,1.0,1.0,10.0,1.0,1.0,1.0,1.0,1.0,4.0,1.0,1.0,1.0,1.0,1.0,1.0,1.0,2.0,1.0,1.0,1.0,1.0,1.0,4.0,1.0,1.0,3.0,1.0,1.0,1.0,3.0,1.0,1.0,1.0,2.0,1.0,2.0,1.0,1.0,1.0,2.0,1.0,1.0,1.0,1.0,2.0,1.0,1.0,1.0,1.0,1.0,1.0,3.0,1.0,2.0,1.0,1.0,1.0,1.0
2025-07-27,1.0,1.0,1.0,1.0,1.0,1.0,1.0,1.0,3.0,1.0,1.0,1.0,1.0,1.0,1.0,1.0,1.0,1.0,1.0,1.0,1.0,1.0,3.0,1.0,1.0,1.0,1.0,2.0,1.0,1.0,2.0,3.0,1.0,1.0,2.0,1.0,1.0,1.0,1.0,6.0,3.0,4.0,1.0,1.0,1.0,1.0,1.0,1.0,1.0,1.0,1.0,1.0,1.0,1.0,1.0,1.0,1.0,1.0
2025-08-03,1.0,1.0,1.0,1.0,1.0,1.0,1.0,1.0,1.0,1.0,1.0,2.0,1.0,1.0,1.0,1.0,1.0,1.0,2.0,1.0,1.0,1.0,1.0,3.0,1.0,2.0,1.0,4.0,1.0,1.0,1.0,1.0,1.0,1.0,1.0,1.0,1.0,1.0,1.0,2.0,1.0,1.0,1.0,1.0,2.0,1.0,1.0,1.0,1.0,1.0,1.0,3.0,1.0,4.0,4.0,1.0,1.0,1.0
2025-08-10,10.0,1.0,1.0,1.0,1.0,6.0,1.0,1.0,1.0,1.0,1.0,1.0,1.0,1.0,1.0,2.0,1.0,1.0,1.0,1.0,3.0,1.0,1.0,1.0,1.0,1.0,1.0,1.0,1.0,1.0,1.0,1.0,1.0,1.0,2.0,1.0,1.0,1.0,6.0,2.0,1.0,1.0,1.0,1.0,1.0,5.0,1.0,2.0,3.0,1.0,1.0,3.0,1.0,1.0,1.0,1.0,1.0,1.0
2025-08-17,5.0,1.0,1.0,1.0,1.0,1.0,1.0,2.0,1.0,4.0,1.0,1.0,1.0,1.0,1.0,1.0,6.0,1.0,5.0,2.0,5.0,2.0,1.0,1.0,1.0,3.0,2.0,1.0,1.0,1.0,1.0,10.0,1.0,2.0,5.0,1.0,2.0,1.0,1.0,2.0,3.0,1.0,1.0,1.0,1.0,2.0,1.0,1.0,1.0,1.0,1.0,7.0,1.0,1.0,7.0,1.0,1.0,1.0
2025-08-24,1.0,1.0,1.0,1.0,8.0,7.0,5.0,5.0,1.0,1.0,1.0,1.0,5.0,1.0,3.0,1.0,6.0,3.0,2.0,3.0,2.0,1.0,4.0,2.0,1.0,3.0,5.0,2.0,1.0,2.0,6.0,3.0,1.0,1.0,1.0,1.0,4.0,1.0,3.0,1.0,2.0,3.0,2.0,1.0,1.0,6.0,5.0,4.0,1.0,1.0,1.0,3.0,4.0,7.0,1.0,1.0,1.0,2.0
2025-08-31,5.0,1.0,1.0,1.0,1.0,6.0,1.0,3.0,3.0,1.0,1.0,6.0,2.0,1.0,4.0,1.0,5.0,1.0,4.0,3.0,7.0,1.0,5.0,1.0,4.0,2.0,5.0,3.0,1.0,1.0,1.0,10.0,2.0,2.0,6.0,4.0,1.0,1.0,8.0,1.0,4.0,2.0,8.0,1.0,1.0,5.0,2.0,4.0,5.0,5.0,1.0,1.0,3.0,9.0,1.0,1.0,1.0,1.0
2025-09-07,1.0,1.0,1.0,1.0,1.0,4.0,1.0,1.0,3.0,1.0,1.0,3.0,1.0,1.0,8.0,4.0,8.0,2.0,8.0,5.0,8.0,1.0,3.0,4.0,6.0,3.0,7.0,2.0,3.0,8.0,7.0,3.0,2.0,4.0,7.0,1.0,1.0,3.0,1.0,1.0,1.0,2.0,10.0,10.0,1.0,10.0,2.0,1.0,6.0,1.0,6.0,1.0,1.0,1.0,2.0,1.0,1.0,6.0
2025-09-14,1.0,1.0,1.0,1.0,8.0,1.0,3.0,5.0,2.0,2.0,1.0,4.0,3.0,1.0,2.0,6.0,4.0,1.0,1.0,5.0,5.0,1.0,7.0,2.0,1.0,1.0,1.0,5.0,2.0,4.0,4.0,9.0,1.0,6.0,3.0,1.0,1.0,1.0,3.0,1.0,1.0,1.0,7.0,7.0,2.0,5.0,3.0,3.0,6.0,5.0,1.0,1.0,1.0,1.0,1.0,1.0,1.0,3.0
2025-09-21,1.0,1.0,1.0,1.0,1.0,1.0,1.0,1.0,10.0,1.0,1.0,3.0,1.0,6.0,3.0,3.0,4.0,2.0,1.0,1.0,4.0,1.0,2.0,1.0,4.0,2.0,4.0,1.0,5.0,1.0,3.0,5.0,1.0,1.0,4.0,3.0,1.0,1.0,1.0,1.0,2.0,4.0,6.0,1.0,3.0,3.0,1.0,1.0,1.0,1.0,1.0,1.0,1.0,4.0,5.0,10.0,1.0,1.0
2025-09-28,7.0,1.0,1.0,1.0,1.0,1.0,3.0,2.0,8.0,1.0,1.0,1.0,2.0,1.0,8.0,6.0,5.0,4.0,3.0,1.0,3.0,1.0,3.0,3.0,4.0,1.0,2.0,5.0,2.0,1.0,3.0,4.0,1.0,6.0,2.0,1.0,1.0,1.0,1.0,1.0,4.0,4.0,7.0,1.0,5.0,6.0,4.0,1.0,2.0,1.0,1.0,1.0,1.0,5.0,2.0,1.0,1.0,6.0
2025-10-05,4.0,1.0,1.0,1.0,1.0,1.0,4.0,5.0,4.0,1.0,1.0,2.0,4.0,1.0,1.0,1.0,6.0,4.0,5.0,1.0,3.0,1.0,3.0,1.0,1.0,3.0,1.0,1.0,1.0,3.0,2.0,5.0,1.0,8.0,3.0,3.0,1.0,1.0,1.0,10.0,3.0,2.0,1.0,2.0,2.0,2.0,2.0,5.0,1.0,1.0,1.0,3.0,1.0,2.0,1.0,10.0,1.0,2.0
2025-10-12,1.0,1.0,1.0,1.0,1.0,1.0,7.0,1.0,5.0,1.0,1.0,4.0,4.0,1.0,2.0,1.0,9.0,6.0,5.0,4.0,3.0,3.0,4.0,1.0,4.0,3.0,3.0,2.0,3.0,1.0,3.0,5.0,2.0,8.0,8.0,1.0,2.0,2.0,1.0,4.0,1.0,1.0,2.0,1.0,1.0,2.0,4.0,5.0,1.0,1.0,1.0,9.0,3.0,5.0,5.0,1.0,1.0,1.0
2025-10-19,1.0,1.0,1.0,1.0,1.0,6.0,1.0,1.0,2.0,2.0,3.0,1.0,8.0,1.0,3.0,10.0,3.0,1.0,1.0,1.0,3.0,1.0,3.0,1.0,3.0,3.0,4.0,6.0,2.0,1.0,4.0,4.0,4.0,5.0,4.0,1.0,3.0,1.0,6.0,1.0,1.0,3.0,4.0,1.0,1.0,1.0,1.0,1.0,3.0,1.0,1.0,4.0,1.0,1.0,4.0,10.0,1.0,4.0
2025-10-26,1.0,1.0,1.0,1.0,1.0,6.0,1.0,5.0,4.0,1.0,1.0,2.0,2.0,1.0,2.0,1.0,10.0,1.0,4.0,1.0,6.0,3.0,2.0,3.0,3.0,7.0,4.0,10.0,5.0,1.0,1.0,4.0,1.0,3.0,6.0,1.0,4.0,4.0,7.0,3.0,4.0,5.0,1.0,1.0,1.0,9.0,2.0,1.0,5.0,1.0,10.0,1.0,1.0,1.0,1.0,1.0,1.0,6.0
2025-11-02,10.0,1.0,1.0,1.0,1.0,1.0,1.0,1.0,10.0,1.0,1.0,1.0,5.0,2.0,1.0,4.0,4.0,1.0,5.0,2.0,4.0,1.0,5.0,5.0,1.0,3.0,8.0,3.0,4.0,1.0,7.0,1.0,2.0,10.0,4.0,2.0,4.0,1.0,6.0,1.0,7.0,2.0,2.0,4.0,4.0,7.0,6.0,3.0,2.0,4.0,6.0,4.0,3.0,6.0,2.0,10.0,1.0,3.0
2025-11-09,4.0,1.0,1.0,1.0,5.0,1.0,1.0,3.0,3.0,2.0,1.0,1.0,1.0,1.0,4.0,1.0,5.0,2.0,5.0,1.0,3.0,3.0,6.0,3.0,2.0,3.0,5.0,5.0,1.0,1.0,5.0,8.0,2.0,10.0,8.0,5.0,3.0,1.0,1.0,5.0,6.0,5.0,1.0,10.0,1.0,9.0,5.0,3.0,7.0,1.0,1.0,1.0,5.0,10.0,1.0,1.0,1.0,5.0
2025-11-16,5.0,1.0,1.0,1.0,2.0,1.0,1.0,1.0,4.0,1.0,1.0,1.0,8.0,2.0,5.0,2.0,5.0,1.0,4.0,5.0,8.0,1.0,2.0,6.0,4.0,2.0,4.0,3.0,2.0,1.0,4.0,3.0,1.0,7.0,7.0,2.0,5.0,3.0,2.0,1.0,1.0,3.0,10.0,1.0,5.0,10.0,4.0,1.0,3.0,1.0,1.0,1.0,2.0,4.0,1.0,1.0,1.0,6.0
2025-11-23,5.0,1.0,1.0,1.0,2.0,1.0,1.0,3.0,3.0,3.0,1.0,5.0,4.0,1.0,4.0,1.0,6.0,5.0,6.0,1.0,6.0,1.0,6.0,3.0,5.0,2.0,3.0,6.0,2.0,1.0,3.0,4.0,5.0,3.0,7.0,1.0,2.0,1.0,1.0,1.0,7.0,6.0,2.0,4.0,2.0,9.0,4.0,4.0,3.0,1.0,2.0,8.0,2.0,8.0,1.0,1.0,1.0,1.0
2025-11-30,1.0,10.0,1.0,1.0,2.0,6.0,1.0,1.0,4.0,2.0,1.0,4.0,1.0,1.0,4.0,2.0,10.0,6.0,8.0,7.0,5.0,3.0,2.0,3.0,2.0,2.0,6.0,3.0,4.0,3.0,3.0,4.0,2.0,5.0,5.0,1.0,6.0,4.0,4.0,8.0,1.0,6.0,1.0,1.0,3.0,4.0,4.0,2.0,6.0,1.0,5.0,2.0,4.0,5.0,4.0,10.0,1.0,4.0
2025-12-07,1.0,1.0,1.0,1.0,2.0,10.0,3.0,1.0,5.0,4.0,5.0,3.0,10.0,2.0,4.0,10.0,10.0,9.0,10.0,6.0,10.0,3.0,8.0,5.0,4.0,1.0,4.0,10.0,3.0,10.0,7.0,10.0,4.0,9.0,7.0,10.0,4.0,5.0,7.0,4.0,4.0,5.0,5.0,2.0,7.0,10.0,5.0,6.0,10.0,1.0,1.0,1.0,3.0,1.0,3.0,1.0,1.0,10.0
2025-12-14,9.0,1.0,1.0,1.0,2.0,10.0,6.0,5.0,8.0,3.0,1.0,10.0,10.0,3.0,10.0,10.0,10.0,6.0,10.0,10.0,10.0,4.0,8.0,10.0,7.0,6.0,10.0,10.0,8.0,1.0,10.0,8.0,6.0,10.0,10.0,5.0,10.0,4.0,10.0,8.0,6.0,10.0,10.0,1.0,4.0,10.0,8.0,6.0,9.0,3.0,1.0,1.0,4.0,10.0,6.0,1.0,1.0,10.0
2025-12-21,10.0,1.0,1.0,10.0,1.0,8.0,10.0,10.0,10.0,10.0,5.0,10.0,10.0,5.0,10.0,10.0,10.0,10.0,10.0,10.0,10.0,10.0,10.0,10.0,10.0,10.0,10.0,10.0,9.0,9.0,10.0,10.0,10.0,10.0,10.0,9.0,10.0,10.0,10.0,8.0,10.0,10.0,10.0,3.0,10.0,10.0,10.0,10.0,10.0,10.0,4.0,10.0,4.0,10.0,10.0,1.0,1.0,10.0
2025-12-28,10.0,10.0,1.0,1.0,10.0,10.0,10.0,10.0,10.0,3.0,7.0,10.0,6.0,7.0,8.0,10.0,10.0,10.0,10.0,10.0,10.0,4.0,10.0,10.0,10.0,10.0,10.0,10.0,10.0,7.0,10.0,10.0,10.0,10.0,10.0,10.0,10.0,10.0,10.0,1.0,10.0,10.0,10.0,10.0,10.0,10.0,10.0,10.0,10.0,1.0,10.0,10.0,5.0,10.0,10.0,10.0,1.0,10.0
2026-01-04,5.0,1.0,1.0,1.0,7.0,10.0,10.0,10.0,10.0,8.0,2.0,10.0,10.0,10.0,10.0,7.0,10.0,10.0,10.0,10.0,10.0,4.0,10.0,10.0,10.0,10.0,10.0,10.0,10.0,1.0,10.0,4.0,6.0,10.0,10.0,8.0,10.0,4.0,10.0,10.0,6.0,10.0,10.0,10.0,7.0,10.0,10.0,10.0,10.0,9.0,10.0,4.0,9.0,10.0,10.0,1.0,1.0,7.0
2026-01-11,5.0,10.0,1.0,1.0,7.0,10.0,8.0,6.0,10.0,10.0,4.0,10.0,10.0,4.0,10.0,9.0,10.0,7.0,10.0,9.0,10.0,6.0,10.0,10.0,10.0,6.0,10.0,6.0,5.0,6.0,10.0,10.0,6.0,10.0,10.0,4.0,8.0,7.0,5.0,2.0,9.0,6.0,8.0,1.0,9.0,8.0,10.0,8.0,10.0,7.0,7.0,7.0,3.0,3.0,9.0,1.0,1.0,6.0
2026-01-18,6.0,1.0,1.0,1.0,2.0,1.0,6.0,8.0,10.0,7.0,2.0,10.0,8.0,1.0,6.0,7.0,10.0,2.0,10.0,10.0,10.0,7.0,10.0,7.0,10.0,5.0,10.0,10.0,7.0,1.0,10.0,4.0,2.0,9.0,10.0,1.0,8.0,5.0,3.0,10.0,4.0,10.0,6.0,1.0,5.0,10.0,10.0,10.0,2.0,1.0,2.0,4.0,1.0,10.0,6.0,1.0,1.0,6.0
2026-01-25,1.0,1.0,1.0,1.0,1.0,1.0,6.0,7.0,9.0,1.0,5.0,10.0,1.0,1.0,10.0,2.0,10.0,3.0,10.0,5.0,10.0,6.0,10.0,7.0,5.0,3.0,10.0,6.0,2.0,1.0,8.0,5.0,4.0,5.0,10.0,6.0,4.0,1.0,7.0,1.0,8.0,5.0,10.0,7.0,5.0,8.0,6.0,7.0,7.0,1.0,2.0,4.0,6.0,10.0,2.0,1.0,1.0,6.0
2026-02-01,1.0,1.0,1.0,10.0,2.0,10.0,3.0,1.0,10.0,4.0,1.0,5.0,6.0,2.0,3.0,9.0,7.0,6.0,9.0,7.0,9.0,2.0,9.0,7.0,5.0,3.0,7.0,10.0,2.0,1.0,5.0,10.0,3.0,4.0,8.0,10.0,4.0,5.0,4.0,3.0,7.0,10.0,10.0,1.0,2.0,8.0,2.0,1.0,8.0,1.0,1.0,4.0,2.0,9.0,4.0,1.0,1.0,4.0
2026-02-08,5.0,1.0,1.0,1.0,2.0,10.0,1.0,5.0,8.0,1.0,4.0,8.0,6.0,1.0,10.0,4.0,10.0,1.0,8.0,8.0,6.0,5.0,10.0,5.0,10.0,6.0,10.0,9.0,10.0,1.0,10.0,9.0,6.0,8.0,5.0,10.0,6.0,4.0,2.0,10.0,4.0,4.0,10.0,1.0,1.0,7.0,7.0,4.0,9.0,1.0,1.0,1.0,2.0,9.0,2.0,1.0,1.0,1.0
2026-02-15,1.0,1.0,1.0,1.0,1.0,10.0,1.0,5.0,5.0,3.0,1.0,7.0,5.0,4.0,10.0,4.0,10.0,2.0,10.0,6.0,8.0,5.0,10.0,10.0,2.0,6.0,7.0,10.0,3.0,1.0,10.0,10.0,2.0,3.0,6.0,8.0,8.0,2.0,4.0,9.0,5.0,7.0,5.0,1.0,2.0,10.0,6.0,6.0,4.0,1.0,5.0,1.0,3.0,10.0,10.0,1.0,1.0,2.0
2026-02-22,6.0,1.0,1.0,1.0,7.0,7.0,4.0,9.0,6.0,4.0,2.0,1.0,6.0,2.0,6.0,4.0,9.0,3.0,8.0,9.0,6.0,1.0,10.0,5.0,1.0,1.0,5.0,3.0,1.0,6.0,3.0,4.0,2.0,7.0,10.0,9.0,6.0,1.0,3.0,1.0,1.0,10.0,7.0,2.0,5.0,4.0,5.0,1.0,8.0,1.0,1.0,4.0,1.0,10.0,4.0,1.0,1.0,2.0
2026-03-01,1.0,1.0,10.0,1.0,1.0,7.0,3.0,2.0,9.0,1.0,2.0,6.0,5.0,1.0,6.0,6.0,10.0,5.0,5.0,6.0,4.0,1.0,10.0,6.0,10.0,4.0,6.0,9.0,1.0,5.0,9.0,5.0,4.0,10.0,7.0,10.0,5.0,4.0,5.0,1.0,8.0,10.0,6.0,4.0,4.0,10.0,3.0,6.0,5.0,1.0,5.0,10.0,2.0,7.0,1.0,1.0,1.0,10.0
2026-03-08,8.0,1.0,1.0,1.0,1.0,7.0,5.0,1.0,10.0,10.0,4.0,4.0,1.0,1.0,8.0,7.0,10.0,4.0,8.0,8.0,8.0,2.0,10.0,5.0,1.0,3.0,5.0,8.0,6.0,1.0,9.0,4.0,1.0,6.0,2.0,6.0,5.0,4.0,4.0,1.0,4.0,7.0,1.0,5.0,4.0,10.0,4.0,9.0,10.0,6.0,3.0,6.0,1.0,10.0,8.0,1.0,1.0,3.0
2026-03-15,1.0,1.0,1.0,1.0,1.0,6.0,4.0,3.0,10.0,3.0,6.0,4.0,2.0,1.0,8.0,2.0,9.0,3.0,6.0,2.0,3.0,3.0,6.0,1.0,1.0,4.0,7.0,7.0,4.0,3.0,10.0,4.0,2.0,8.0,6.0,4.0,4.0,3.0,6.0,1.0,6.0,6.0,5.0,5.0,1.0,6.0,3.0,2.0,8.0,1.0,5.0,1.0,1.0,10.0,4.0,10.0,1.0,4.0
2026-03-22,1.0,10.0,1.0,1.0,1.0,5.0,3.0,4.0,5.0,1.0,6.0,5.0,5.0,1.0,3.0,4.0,8.0,6.0,7.0,3.0,5.0,8.0,7.0,3.0,6.0,4.0,5.0,6.0,4.0,1.0,5.0,10.0,1.0,2.0,3.0,3.0,5.0,2.0,4.0,1.0,4.0,10.0,5.0,5.0,2.0,9.0,4.0,2.0,4.0,1.0,2.0,5.0,1.0,8.0,5.0,1.0,1.0,1.0
2026-03-29,1.0,1.0,1.0,1.0,2.0,1.0,1.0,2.0,7.0,1.0,2.0,4.0,9.0,1.0,6.0,1.0,10.0,1.0,6.0,4.0,4.0,2.0,6.0,10.0,4.0,5.0,2.0,4.0,6.0,1.0,6.0,1.0,3.0,2.0,3.0,2.0,2.0,1.0,2.0,1.0,1.0,4.0,4.0,1.0,1.0,8.0,2.0,3.0,4.0,1.0,2.0,6.0,2.0,4.0,7.0,1.0,1.0,8.0
2026-04-05,1.0,1.0,1.0,1.0,1.0,8.0,3.0,3.0,3.0,1.0,7.0,6.0,1.0,1.0,10.0,3.0,7.0,5.0,5.0,3.0,2.0,1.0,4.0,3.0,3.0,1.0,2.0,4.0,1.0,3.0,2.0,3.0,2.0,3.0,6.0,2.0,3.0,5.0,1.0,3.0,1.0,2.0,1.0,2.0,1.0,7.0,3.0,2.0,5.0,1.0,5.0,1.0,3.0,5.0,1.0,1.0,1.0,1.0
2026-04-12,1.0,1.0,1.0,1.0,1.0,1.0,1.0,6.0,2.0,1.0,1.0,1.0,2.0,1.0,4.0,1.0,4.0,8.0,4.0,2.0,1.0,1.0,4.0,3.0,2.0,5.0,1.0,1.0,3.0,1.0,5.0,1.0,2.0,4.0,7.0,3.0,2.0,1.0,8.0,1.0,4.0,1.0,4.0,1.0,4.0,4.0,5.0,1.0,4.0,4.0,1.0,9.0,1.0,3.0,1.0,1.0,1.0,5.0
2026-04-19,7.0,1.0,1.0,1.0,1.0,1.0,1.0,1.0,7.0,1.0,2.0,1.0,5.0,5.0,4.0,2.0,6.0,1.0,6.0,1.0,3.0,5.0,3.0,1.0,3.0,4.0,3.0,2.0,1.0,1.0,2.0,1.0,3.0,6.0,6.0,1.0,4.0,1.0,3.0,1.0,1.0,1.0,8.0,1.0,2.0,2.0,2.0,3.0,1.0,1.0,1.0,1.0,1.0,10.0,1.0,1.0,1.0,1.0
2026-04-26,1.0,1.0,1.0,1.0,2.0,1.0,1.0,2.0,3.0,3.0,2.0,1.0,4.0,1.0,1.0,3.0,5.0,2.0,2.0,3.0,1.0,1.0,4.0,4.0,8.0,1.0,1.0,2.0,1.0,1.0,7.0,8.0,3.0,1.0,2.0,3.0,3.0,1.0,1.0,1.0,3.0,1.0,7.0,1.0,1.0,6.0,2.0,2.0,3.0,1.0,1.0,4.0,1.0,3.0,1.0,1.0,1.0,1.0
2026-05-03,1.0,1.0,1.0,1.0,1.0,1.0,1.0,2.0,8.0,3.0,10.0,1.0,1.0,1.0,2.0,1.0,3.0,1.0,5.0,3.0,5.0,4.0,7.0,4.0,5.0,4.0,1.0,2.0,1.0,1.0,6.0,1.0,2.0,4.0,3.0,1.0,6.0,5.0,1.0,1.0,6.0,3.0,4.0,2.0,3.0,4.0,3.0,2.0,1.0,1.0,1.0,1.0,7.0,2.0,3.0,1.0,1.0,3.0
2026-05-10,1.0,1.0,1.0,1.0,1.0,1.0,1.0,1.0,4.0,2.0,6.0,3.0,1.0,1.0,5.0,3.0,6.0,1.0,5.0,2.0,3.0,2.0,4.0,3.0,4.0,4.0,3.0,3.0,1.0,1.0,6.0,1.0,4.0,4.0,3.0,3.0,3.0,1.0,1.0,1.0,2.0,4.0,1.0,1.0,1.0,3.0,3.0,1.0,2.0,1.0,1.0,6.0,1.0,6.0,2.0,1.0,1.0,4.0
2026-05-17,5.0,1.0,1.0,1.0,2.0,1.0,1.0,1.0,5.0,3.0,1.0,1.0,1.0,1.0,4.0,1.0,3.0,1.0,7.0,1.0,4.0,1.0,4.0,2.0,4.0,2.0,1.0,5.0,1.0,1.0,2.0,1.0,1.0,3.0,6.0,4.0,2.0,1.0,1.0,1.0,1.0,1.0,5.0,1.0,6.0,6.0,1.0,5.0,1.0,1.0,2.0,1.0,1.0,4.0,1.0,1.0,1.0,1.0
2026-05-24,1.0,1.0,1.0,1.0,1.0,1.0,1.0,5.0,1.0,2.0,4.0,1.0,2.0,1.0,4.0,1.0,2.0,1.0,4.0,1.0,1.0,2.0,5.0,4.0,6.0,4.0,2.0,1.0,1.0,1.0,2.0,1.0,1.0,1.0,4.0,1.0,1.0,2.0,1.0,1.0,1.0,1.0,2.0,1.0,1.0,5.0,1.0,1.0,2.0,1.0,1.0,1.0,1.0,10.0,3.0,1.0,1.0,1.0
2026-05-31,1.0,1.0,1.0,1.0,1.0,1.0,5.0,1.0,5.0,1.0,1.0,3.0,3.0,1.0,1.0,4.0,5.0,1.0,3.0,2.0,3.0,1.0,6.0,1.0,1.0,1.0,1.0,4.0,3.0,1.0,3.0,4.0,1.0,1.0,2.0,1.0,1.0,1.0,1.0,1.0,1.0,1.0,3.0,4.0,1.0,1.0,1.0,1.0,1.0,1.0,1.0,1.0,1.0,4.0,1.0,1.0,1.0,1.0
2026-06-07,1.0,1.0,1.0,1.0,1.0,1.0,1.0,3.0,3.0,1.0,1.0,1.0,1.0,1.0,3.0,2.0,1.0,1.0,3.0,1.0,3.0,1.0,6.0,1.0,1.0,1.0,2.0,1.0,1.0,1.0,5.0,4.0,1.0,2.0,1.0,2.0,1.0,1.0,1.0,1.0,1.0,1.0,1.0,1.0,1.0,4.0,1.0,1.0,1.0,6.0,1.0,1.0,1.0,4.0,2.0,1.0,1.0,1.0
2026-06-14,6.0,1.0,1.0,1.0,1.0,6.0,1.0,2.0,4.0,1.0,1.0,1.0,2.0,1.0,1.0,3.0,1.0,1.0,1.0,1.0,2.0,1.0,1.0,1.0,1.0,1.0,1.0,1.0,1.0,1.0,3.0,1.0,1.0,1.0,2.0,1.0,2.0,1.0,1.0,1.0,1.0,1.0,1.0,1.0,1.0,1.0,1.0,2.0,1.0,1.0,1.0,8.0,2.0,4.0,1.0,1.0,1.0,1.0
2026-06-21,1.0,1.0,1.0,1.0,5.0,7.0,1.0,1.0,3.0,2.0,1.0,1.0,1.0,1.0,4.0,1.0,3.0,1.0,1.0,1.0,1.0,1.0,1.0,1.0,1.0,1.0,1.0,3.0,3.0,1.0,1.0,1.0,1.0,1.0,1.0,3.0,2.0,2.0,1.0,3.0,1.0,1.0,2.0,1.0,2.0,1.0,1.0,1.0,2.0,1.0,1.0,1.0,1.0,1.0,2.0,1.0,1.0,2.0
2026-06-28,1.0,1.0,1.0,1.0,2.0,5.0,2.0,2.0,1.0,1.0,1.0,1.0,3.0,1.0,3.0,1.0,2.0,1.0,1.0,1.0,1.0,1.0,2.0,1.0,1.0,1.0,2.0,1.0,1.0,1.0,3.0,3.0,1.0,1.0,1.0,1.0,1.0,1.0,1.0,1.0,1.0,1.0,1.0,1.0,1.0,1.0,1.0,1.0,1.0,1.0,1.0,1.0,4.0,1.0,1.0,1.0,1.0,1.0
2026-07-05,1.0,1.0,1.0,1.0,1.0,1.0,1.0,1.0,3.0,1.0,1.0,1.0,1.0,3.0,2.0,1.0,3.0,1.0,1.0,4.0,2.0,1.0,1.0,1.0,3.0,1.0,1.0,2.0,1.0,1.0,1.0,4.0,1.0,2.0,1.0,1.0,1.0,1.0,1.0,7.0,1.0,1.0,2.0,1.0,2.0,2.0,1.0,3.0,2.0,1.0,1.0,1.0,1.0,3.0,1.0,1.0,1.0,1.0
2026-07-12,1.0,1.0,1.0,1.0,1.0,1.0,1.0,1.0,1.0,1.0,1.0,1.0,1.0,1.0,2.0,1.0,1.0,1.0,1.0,2.0,1.0,1.0,1.0,2.0,2.0,1.0,2.0,1.0,1.0,1.0,2.0,1.0,1.0,1.0,1.0,1.0,1.0,1.0,2.0,3.0,1.0,1.0,3.0,1.0,1.0,1.0,1.0,1.0,1.0,1.0,1.0,1.0,1.0,1.0,1.0,1.0,1.0,1.0
2026-07-19,1.0,1.0,10.0,1.0,1.0,1.0,1.0,2.0,5.0,1.0,1.0,1.0,1.0,1.0,1.0,1.0,3.0,1.0,2.0,1.0,5.0,1.0,1.0,1.0,1.0,1.0,3.0,1.0,1.0,1.0,4.0,7.0,1.0,3.0,1.0,1.0,1.0,1.0,1.0,3.0,1.0,2.0,2.0,1.0,1.0,2.0,2.0,1.0,1.0,1.0,1.0,1.0,1.0,2.0,1.0,1.0,1.0,2.0
2026-07-26,1.0,1.0,1.0,1.0,1.0,1.0,1.0,1.0,1.0,1.0,1.0,1.0,1.0,1.0,1.0,1.0,2.0,1.0,1.0,2.0,1.0,1.0,3.0,1.0,10.0,1.0,1.0,1.0,1.0,1.0,1.0,4.0,1.0,1.0,2.0,1.0,1.0,4.0,1.0,1.0,1.0,1.0,1.0,2.0,1.0,1.0,1.0,1.0,2.0,1.0,1.0,1.0,1.0,1.0,1.0,1.0,1.0,1.0
2026-08-02,1.0,1.0,1.0,1.0,1.0,1.0,1.0,3.0,1.0,1.0,1.0,3.0,1.0,1.0,1.0,2.0,1.0,1.0,1.0,1.0,1.0,1.0,1.0,2.0,1.0,1.0,1.0,1.0,3.0,1.0,1.0,1.0,1.0,1.0,1.0,1.0,1.0,1.0,1.0,1.0,1.0,1.0,1.0,1.0,1.0,1.0,2.0,1.0,2.0,5.0,1.0,1.0,1.0,1.0,1.0,1.0,1.0,1.0
2026-08-09,6.0,1.0,1.0,1.0,1.0,1.0,1.0,1.0,1.0,1.0,1.0,1.0,1.0,2.0,4.0,3.0,1.0,1.0,1.0,1.0,4.0,1.0,1.0,1.0,1.0,2.0,1.0,2.0,2.0,1.0,1.0,1.0,1.0,1.0,4.0,2.0,2.0,1.0,1.0,1.0,1.0,1.0,2.0,1.0,1.0,1.0,1.0,1.0,1.0,1.0,1.0,1.0,1.0,1.0,1.0,1.0,1.0,1.0
2026-08-16,5.0,1.0,1.0,1.0,1.0,1.0,1.0,1.0,1.0,1.0,1.0,2.0,3.0,1.0,1.0,1.0,3.0,1.0,3.0,1.0,1.0,1.0,2.0,3.0,1.0,1.0,1.0,1.0,1.0,1.0,3.0,7.0,1.0,1.0,3.0,1.0,1.0,1.0,1.0,1.0,2.0,1.0,1.0,1.0,3.0,1.0,1.0,1.0,2.0,1.0,1.0,1.0,1.0,3.0,1.0,1.0,1.0,2.0
2026-08-23,1.0,1.0,1.0,1.0,1.0,1.0,6.0,1.0,2.0,1.0,1.0,1.0,2.0,1.0,1.0,1.0,4.0,1.0,2.0,3.0,1.0,1.0,1.0,2.0,1.0,1.0,1.0,1.0,2.0,1.0,2.0,1.0,1.0,1.0,1.0,1.0,2.0,1.0,2.0,1.0,1.0,2.0,1.0,1.0,3.0,2.0,1.0,3.0,1.0,4.0,1.0,1.0,1.0,1.0,1.0,1.0,1.0,1.0
2026-08-30,1.0,1.0,1.0,1.0,6.0,1.0,1.0,2.0,7.0,2.0,1.0,1.0,2.0,3.0,1.0,1.0,2.0,3.0,1.0,1.0,2.0,1.0,3.0,1.0,1.0,1.0,1.0,1.0,1.0,1.0,3.0,1.0,1.0,1.0,1.0,1.0,1.0,1.0,1.0,3.0,5.0,1.0,1.0,1.0,1.0,2.0,1.0,2.0,1.0,1.0,1.0,1.0,1.0,1.0,1.0,1.0,1.0,5.0
2026-09-06,6.0,1.0,1.0,1.0,1.0,1.0,5.0,6.0,3.0,1.0,1.0,1.0,1.0,1.0,4.0,1.0,7.0,4.0,4.0,3.0,4.0,1.0,2.0,2.0,1.0,1.0,1.0,2.0,2.0,1.0,3.0,3.0,3.0,3.0,3.0,1.0,1.0,2.0,2.0,1.0,2.0,3.0,4.0,1.0,3.0,8.0,3.0,1.0,1.0,1.0,1.0,1.0,1.0,1.0,1.0,1.0,1.0,1.0
2026-09-13,5.0,1.0,1.0,1.0,6.0,6.0,2.0,5.0,4.0,1.0,1.0,2.0,2.0,1.0,1.0,2.0,10.0,1.0,2.0,3.0,7.0,3.0,4.0,3.0,2.0,1.0,4.0,3.0,1.0,1.0,2.0,1.0,1.0,1.0,6.0,2.0,2.0,1.0,1.0,2.0,5.0,1.0,1.0,4.0,1.0,2.0,3.0,3.0,1.0,1.0,1.0,4.0,1.0,1.0,6.0,1.0,1.0,1.0
2026-09-20,1.0,1.0,1.0,1.0,1.0,1.0,1.0,4.0,4.0,5.0,1.0,4.0,2.0,1.0,1.0,1.0,6.0,1.0,8.0,1.0,5.0,1.0,7.0,1.0,1.0,1.0,3.0,4.0,1.0,1.0,6.0,1.0,1.0,1.0,2.0,1.0,3.0,1.0,2.0,1.0,2.0,4.0,4.0,1.0,3.0,5.0,1.0,2.0,1.0,1.0,1.0,1.0,1.0,1.0,4.0,1.0,1.0,1.0
