model,season,horizon,n_cells,wis,mae,coverage95,coverage50
colagnn,2023-24,1,710,4.868072809162645,7.521506133952611,0.9816901408450704,0.5521126760563381
colagnn,2023-24,2,710,5.53117887082147,8.300401454844945,0.991549295774648,0.5338028169014084
colagnn,2023-24,3,710,6.212888059426987,9.112682305322569,0.9943661971830986,0.5267605633802817
colagnn,2023-24,4,710,6.5559809817600385,9.582825338336784,1.0,0.5014084507042254
colagnn,2024-25,1,677,4.871135545016092,7.587024835997882,0.9364844903988184,0.5096011816838996
colagnn,2024-25,2,677,8.340047219923322,11.709549924718049,0.8655834564254062,0.43870014771048743
colagnn,2024-25,3,677,9.268607111529908,12.927350518058992,0.8330871491875923,0.42836041358936483
colagnn,2024-25,4,677,9.633693420716368,13.472549935035198,0.8655834564254062,0.4254062038404727
colagnn,2025-26,1,676,4.95457246449164,7.4443408736110435,0.9304733727810652,0.47337278106508873
colagnn,2025-26,2,676,7.94867470389684,11.056568160776555,0.8905325443786982,0.46745562130177515
colagnn,2025-26,3,676,11.318022011411957,15.082241724651944,0.8357988165680473,0.4423076923076923
colagnn,2025-26,4,676,12.249560450553684,16.209342852358283,0.849112426035503,0.4260355029585799
gnn_st,2023-24,1,710,4.6786137067533105,7.292510165966732,0.9732394366197183,0.5577464788732395
gnn_st,2023-24,2,710,5.0334161988498165,7.770206077669708,0.991549295774648,0.6084507042253521
gnn_st,2023-24,3,710,5.283515254894972,7.973892998359573,0.9943661971830986,0.6535211267605634
gnn_st,2023-24,4,710,5.683327644201997,8.613382929143771,1.0,0.6394366197183099
gnn_st,2024-25,1,677,4.918417842371599,7.53245447270099,0.9202363367799112,0.5258493353028065
gnn_st,2024-25,2,677,6.118824812821604,9.28250324162634,0.9039881831610044,0.4446085672082718
gnn_st,2024-25,3,677,7.630018574175025,11.01079233041366,0.8877400295420975,0.4519940915805022
gnn_st,2024-25,4,677,8.06808985883482,11.423893516841984,0.8744460856720827,0.4401772525849335
gnn_st,2025-26,1,676,4.268989446762954,6.581968713265199,0.9571005917159764,0.5118343195266272
gnn_st,2025-26,2,676,6.13723625506042,8.953294854897718,0.9186390532544378,0.47041420118343197
gnn_st,2025-26,3,676,8.29192216948517,11.705446659107883,0.9023668639053254,0.4319526627218935
gnn_st,2025-26,4,676,9.167200601336027,12.841094468119582,0.9186390532544378,0.4467455621301775
lstm,2023-24,1,710,4.846530927924676,7.548232295681053,0.9788732394366196,0.571830985915493
lstm,2023-24,2,710,5.279730284915844,8.2475746090983,0.9873239436619718,0.5661971830985916
lstm,2023-24,3,710,5.740809621038136,8.759059539177048,0.9943661971830986,0.5774647887323944
lstm,2023-24,4,710,6.17597002085816,9.302542786262403,0.9971830985915492,0.5887323943661972
lstm,2024-25,1,677,5.271292815317399,8.126358170065606,0.9379615952732644,0.48892171344165436
lstm,2024-25,2,677,7.56068991575931,11.032699759707317,0.8862629246676514,0.4446085672082718
lstm,2024-25,3,677,8.853807887769491,12.633357614886284,0.8729689807976366,0.4357459379615953
lstm,2024-25,4,677,9.50672654646573,13.59537762257338,0.8759231905465288,0.4194977843426883
lstm,2025-26,1,676,4.539614123792868,6.991050598677798,0.9423076923076924,0.5133136094674556
lstm,2025-26,2,676,6.921291726720343,9.835151334697676,0.9215976331360948,0.492603550295858
lstm,2025-26,3,676,8.632150821057339,12.05771371669318,0.9023668639053254,0.47337278106508873
lstm,2025-26,4,676,9.364807897923152,13.130454557076009,0.9142011834319528,0.4363905325443787
persistence,2023-24,1,710,5.859663709797471,8.948591549295775,0.967605633802817,0.523943661971831
persistence,2023-24,2,710,6.579289529928936,9.980704225352111,0.9830985915492958,0.5338028169014084
persistence,2023-24,3,710,7.174267085527176,10.60274647887324,0.9873239436619718,0.6014084507042253
persistence,2023-24,4,710,7.910794562965664,11.75225352112676,0.9929577464788732,0.5985915492957746
persistence,2024-25,1,677,6.3922139653821555,9.76351550960118,0.930576070901034,0.48005908419497784
persistence,2024-25,2,677,8.962562405512253,13.349704579025111,0.8906942392909897,0.4150664697193501
persistence,2024-25,3,677,11.617246093148538,16.46691285081241,0.8463810930576071,0.4401772525849335
persistence,2024-25,4,677,14.068195925132128,19.400738552437225,0.8522895125553914,0.43131462333825704
persistence,2025-26,1,676,5.690241228583795,8.611464497041421,0.948224852071006,0.5103550295857988
persistence,2025-26,2,676,8.103129683779763,11.66087278106509,0.9245562130177516,0.5428994082840237
persistence,2025-26,3,676,10.28305403888548,14.611612426035505,0.9230769230769232,0.4970414201183432
persistence,2025-26,4,676,11.792122686654446,16.65584319526627,0.9319526627218936,0.5532544378698225
seasonal_naive,2023-24,1,710,13.874017701844036,17.416478873239438,0.971830985915493,0.4704225352112676
seasonal_naive,2023-24,2,710,13.874017701844036,17.416478873239438,0.971830985915493,0.4704225352112676
seasonal_naive,2023-24,3,710,13.874017701844036,17.416478873239438,0.971830985915493,0.4704225352112676
seasonal_naive,2023-24,4,710,13.874017701844036,17.416478873239438,0.971830985915493,0.4704225352112676
seasonal_naive,2024-25,1,677,10.645030002174046,15.79387001477105,0.9704579025110784,0.5406203840472673
seasonal_naive,2024-25,2,677,10.645030002174046,15.79387001477105,0.9704579025110784,0.5406203840472673
seasonal_naive,2024-25,3,677,10.645030002174046,15.79387001477105,0.9704579025110784,0.5406203840472673
seasonal_naive,2024-25,4,677,10.645030002174046,15.79387001477105,0.9704579025110784,0.5406203840472673
seasonal_naive,2025-26,1,676,12.966795021030906,18.766494082840236,0.9260355029585798,0.46597633136094674
seasonal_naive,2025-26,2,676,12.966795021030906,18.766494082840236,0.9260355029585798,0.46597633136094674
seasonal_naive,2025-26,3,676,12.966795021030906,18.766494082840236,0.9260355029585798,0.46597633136094674
seasonal_naive,2025-26,4,676,12.966795021030906,18.766494082840236,0.9260355029585798,0.46597633136094674
