week,Allston/Brighton,Back Bay/Beacon Hill/Downtown/North End/West End,Charlestown,Dorchester,East Boston,Fenway,Hyde Park,Jamaica Plain,Mattapan,Roslindale,Roxbury,South Boston,South End,West Roxbury
2017-12-31,14.1,8.6,10.3,66.85,12.5,6.6,18.5,22.1,25.5,39.3,65.3,16.9,35.6,14.7
2018-01-07,25.5,27.4,46.4,107.7,21.8,9.2,25.4,23.8,22.6,21.8,84.9,16.9,66.2,22.0
2018-01-14,45.3,39.3,56.7,125.8,17.2,11.9,53.1,25.5,39.6,65.4,111.0,44.3,81.4,14.7
2018-01-21,50.9,20.5,36.1,155.8,31.2,15.8,83.1,40.7,107.5,74.2,147.0,44.3,94.2,22.0
2018-01-28,66.5,41.0,82.4,262.2,42.1,34.3,96.9,61.1,82.0,87.3,222.1,33.8,129.8,36.7
2018-02-04,70.7,47.9,97.9,292.95,49.9,48.8,92.3,64.5,166.9,130.9,271.1,67.5,124.7,66.0
2018-02-11,90.6,37.6,46.4,320.8,65.5,31.7,99.2,64.5,113.2,157.1,352.7,50.7,101.8,84.4
2018-02-18,55.2,29.1,67.0,198.9,43.7,31.7,76.2,54.3,99.0,148.3,215.5,57.0,109.4,29.3
2018-02-25,32.5,25.7,25.8,137.05,35.9,7.9,27.7,40.7,67.9,74.2,120.8,31.7,45.8,3.7
2018-03-04,25.5,12.0,41.2,82.05,18.7,13.2,43.9,13.6,42.4,43.6,91.4,31.7,43.3,18.3
2018-03-11,24.1,25.7,30.9,66.3,14.0,15.8,18.5,15.3,28.3,78.5,65.3,10.6,25.4,25.7
2018-03-18,19.8,10.3,15.5,75.7,4.7,9.2,20.8,18.7,25.5,30.5,42.5,10.6,33.1,18.3
2018-03-25,29.7,5.1,20.6,64.65,10.9,10.6,39.2,18.7,17.0,52.4,45.7,21.1,45.8,
2018-04-01,18.4,13.7,15.5,67.25,21.8,6.6,23.1,13.6,25.5,21.8,81.6,6.3,43.3,18.3
2018-04-08,28.3,3.4,25.8,63.7,15.6,5.3,16.2,11.9,34.0,39.3,68.6,14.8,17.8,14.7
2018-04-15,15.6,13.7,25.8,57.95,6.2,11.9,20.8,1.7,17.0,17.5,45.7,12.7,20.4,25.7
2018-04-22,14.1,10.3,10.3,39.75,7.8,5.3,27.7,10.2,31.1,26.2,42.5,14.8,15.3,11.0
2018-04-29,12.7,12.0,25.8,41.25,10.9,6.6,9.2,20.4,17.0,17.5,22.9,10.6,15.3,14.7
2018-05-06,14.1,10.3,10.3,41.75,10.9,1.3,6.9,6.8,22.6,21.8,49.0,8.4,15.3,
2018-05-13,5.7,1.7,5.2,34.7,4.7,2.6,13.8,1.7,14.1,17.5,35.9,2.1,7.6,3.7
2018-05-20,7.1,10.3,,35.3,4.7,,13.8,3.4,25.5,13.1,26.1,6.3,7.6,3.7
2018-05-27,8.5,3.4,5.2,42.0,6.2,1.3,9.2,5.1,19.8,8.7,42.5,6.3,12.7,3.7
2018-06-03,7.1,5.1,15.5,27.85,7.8,5.3,13.8,8.5,2.8,26.2,22.9,8.4,7.6,
2018-06-10,4.2,8.6,5.2,33.05,7.8,10.6,18.5,5.1,22.6,8.7,32.7,,15.3,14.7
2018-06-17,1.4,,5.2,36.4,3.1,1.3,2.3,1.7,8.5,8.7,32.7,,15.3,7.3
2018-06-24,5.7,3.4,,25.45,1.6,,16.2,3.4,8.5,8.7,13.1,6.3,5.1,3.7
2018-07-01,5.7,8.6,5.2,23.0,7.8,2.6,4.6,5.1,5.7,13.1,26.1,4.2,15.3,11.0
2018-07-08,2.8,8.6,10.3,14.5,6.2,1.3,6.9,,5.7,21.8,29.4,2.1,2.5,
2018-07-15,2.8,1.7,5.2,19.45,3.1,1.3,2.3,6.8,2.8,8.7,9.8,,,3.7
2018-07-22,7.1,1.7,10.3,12.1,4.7,4.0,4.6,6.8,2.8,8.7,19.6,6.3,7.6,
2018-07-29,7.1,3.4,10.3,19.85,7.8,2.6,4.6,1.7,11.3,26.2,13.1,6.3,2.5,7.3
2018-08-05,2.8,1.7,5.2,11.15,4.7,2.6,4.6,1.7,2.8,13.1,19.6,4.2,10.2,7.3
2018-08-12,1.4,1.7,15.5,15.75,6.2,,2.3,1.7,5.7,,26.1,2.1,7.6,3.7
2018-08-19,11.3,6.8,,26.35,7.8,,6.9,3.4,2.8,4.4,26.1,,5.1,
2018-08-26,4.2,,10.3,19.1,1.6,2.6,11.5,5.1,2.8,17.5,13.1,4.2,7.6,3.7
2018-09-02,2.8,1.7,10.3,21.9,1.6,2.6,4.6,8.5,8.5,8.7,35.9,4.2,17.8,3.7
2018-09-09,4.2,5.1,5.2,28.05,,5.3,9.2,5.1,14.1,21.8,29.4,10.6,17.8,3.7
2018-09-16,7.1,1.7,15.5,25.25,12.5,4.0,9.2,6.8,11.3,17.5,26.1,6.3,7.6,11.0
2018-09-23,5.7,1.7,5.2,41.55,1.6,1.3,13.8,5.1,17.0,26.2,45.7,8.4,20.4,7.3
2018-09-30,9.9,5.1,25.8,28.4,7.8,1.3,18.5,3.4,8.5,39.3,42.5,8.4,28.0,7.3
2018-10-07,15.6,10.3,25.8,30.25,9.4,2.6,18.5,6.8,19.8,17.5,45.7,10.6,10.2,
2018-10-14,12.7,6.8,20.6,34.0,3.1,1.3,11.5,8.5,14.1,,32.7,12.7,22.9,3.7
2018-10-21,5.7,3.4,25.8,33.8,6.2,2.6,6.9,5.1,11.3,21.8,32.7,6.3,20.4,
2018-10-28,9.9,8.6,5.2,28.95,9.4,2.6,11.5,3.4,5.7,26.2,42.5,8.4,17.8,3.7
2018-11-04,4.2,6.8,5.2,30.45,6.2,5.3,9.2,5.1,25.5,8.7,13.1,8.4,22.9,18.3
2018-11-11,5.7,1.7,25.8,43.85,10.9,7.9,16.2,13.6,14.1,30.5,26.1,8.4,7.6,22.0
2018-11-18,18.4,5.1,10.3,55.1,9.4,1.3,18.5,6.8,22.6,30.5,42.5,12.7,10.2,7.3
2018-11-25,17.0,12.0,20.6,51.75,12.5,6.6,13.8,17.0,48.1,34.9,65.3,2.1,15.3,18.3
2018-12-02,9.9,10.3,5.2,47.3,12.5,13.2,18.5,10.2,14.1,34.9,65.3,10.6,20.4,7.3
2018-12-09,22.6,10.3,20.6,75.35,14.0,5.3,20.8,13.6,17.0,48.0,78.4,8.4,28.0,7.3
2018-12-16,19.8,17.1,20.6,69.1,15.6,6.6,25.4,15.3,17.0,26.2,75.1,16.9,30.5,3.7
2018-12-23,24.1,12.0,36.1,103.65,15.6,4.0,36.9,27.2,53.8,48.0,124.1,25.3,61.1,3.7
2018-12-30,29.7,15.4,36.1,118.6,21.8,10.6,41.5,18.7,50.9,61.1,124.1,19.0,48.4,51.3
2019-01-06,25.5,18.8,46.4,124.95,23.4,7.9,43.9,28.9,36.8,78.5,114.3,16.9,61.1,18.3
2019-01-13,36.8,15.4,20.6,121.5,32.7,6.6,48.5,25.5,50.9,78.5,133.9,14.8,43.3,22.0
2019-01-20,22.6,13.7,36.1,166.2,28.1,11.9,55.4,23.8,56.6,78.5,101.2,27.4,66.2,22.0
2019-01-27,26.9,12.0,46.4,138.2,10.9,13.2,43.9,28.9,53.8,43.6,137.2,33.8,89.1,44.0
2019-02-03,43.9,25.7,30.9,151.85,18.7,21.1,62.3,17.0,99.0,74.2,163.3,33.8,63.6,22.0
2019-02-10,28.3,17.1,30.9,114.6,28.1,15.8,53.1,32.3,53.8,69.8,120.8,16.9,66.2,22.0
2019-02-17,26.9,18.8,61.8,111.55,20.3,14.5,60.0,23.8,65.1,78.5,137.2,21.1,33.1,14.7
2019-02-24,14.1,10.3,56.7,85.65,18.7,18.5,25.4,25.5,25.5,74.2,84.9,4.2,43.3,18.3
2019-03-03,15.6,22.2,46.4,84.85,15.6,14.5,30.0,13.6,31.1,43.6,94.7,14.8,71.3,22.0
2019-03-10,8.5,17.1,51.5,92.85,15.6,9.2,20.8,17.0,45.3,34.9,91.4,25.3,56.0,11.0
2019-03-17,15.6,18.8,61.8,103.45,14.0,15.8,27.7,22.1,45.3,56.7,91.4,29.6,61.1,11.0
2019-03-24,18.4,10.3,67.0,139.5,18.7,19.8,46.2,28.9,59.4,52.4,133.9,21.1,58.5,29.3
2019-03-31,28.3,25.7,36.1,156.55,15.6,17.2,55.4,25.5,59.4,82.9,173.1,40.1,61.1,36.7
2019-04-07,28.3,17.1,15.5,175.9,14.0,22.4,76.2,28.9,76.4,65.4,101.2,25.3,56.0,33.0
2019-04-14,9.9,23.9,5.2,94.3,21.8,9.2,55.4,23.8,36.8,65.4,68.6,23.2,43.3,25.7
2019-04-21,7.1,1.7,10.3,77.65,7.8,7.9,27.7,5.1,39.6,30.5,68.6,12.7,25.4,
2019-04-28,5.7,8.6,20.6,43.05,12.5,4.0,20.8,11.9,28.3,26.2,71.8,4.2,20.4,11.0
2019-05-05,7.1,,36.1,46.4,3.1,9.2,23.1,6.8,17.0,21.8,42.5,14.8,33.1,18.3
2019-05-12,8.5,5.1,5.2,52.9,4.7,6.6,11.5,11.9,17.0,34.9,52.3,2.1,20.4,7.3
2019-05-19,4.2,5.1,5.2,46.0,15.6,6.6,13.8,8.5,11.3,26.2,32.7,19.0,7.6,18.3
2019-05-26,4.2,6.8,5.2,45.7,7.8,5.3,13.8,17.0,19.8,21.8,49.0,,30.5,11.0
2019-06-02,5.7,5.1,10.3,30.45,1.6,2.6,6.9,5.1,5.7,13.1,19.6,4.2,12.7,7.3
2019-06-09,9.9,3.4,5.2,28.95,6.2,4.0,4.6,8.5,17.0,8.7,26.1,,17.8,14.7
2019-06-16,1.4,1.7,15.5,24.15,3.1,2.6,9.2,11.9,5.7,17.5,35.9,4.2,15.3,3.7
2019-06-23,2.8,5.1,10.3,19.85,7.8,,13.8,,11.3,13.1,6.5,,7.6,11.0
2019-06-30,2.8,3.4,,16.55,1.6,,13.8,3.4,8.5,4.4,22.9,2.1,12.7,
2019-07-07,4.2,1.7,,21.15,1.6,5.3,6.9,5.1,2.8,,16.3,4.2,10.2,7.3
2019-07-14,5.7,6.8,5.2,11.7,1.6,2.6,9.2,5.1,11.3,4.4,16.3,2.1,12.7,
2019-07-21,2.8,8.6,,12.25,3.1,,4.6,5.1,5.7,17.5,32.7,2.1,2.5,3.7
2019-07-28,,6.8,,14.8,4.7,2.6,16.2,3.4,8.5,4.4,6.5,,5.1,
2019-08-04,,,5.2,20.0,1.6,,9.2,6.8,11.3,4.4,16.3,,7.6,7.3
2019-08-11,2.8,1.7,5.2,21.35,3.1,2.6,4.6,8.5,8.5,4.4,22.9,6.3,7.6,
2019-08-18,2.8,5.1,5.2,19.45,6.2,,9.2,3.4,2.8,8.7,9.8,6.3,12.7,
2019-08-25,4.2,3.4,,14.65,4.7,,11.5,1.7,5.7,4.4,13.1,6.3,15.3,7.3
2019-09-01,2.8,10.3,,16.85,1.6,4.0,6.9,1.7,2.8,8.7,6.5,2.1,15.3,
2019-09-08,4.2,6.8,5.2,32.15,4.7,7.9,2.3,8.5,14.1,13.1,49.0,6.3,10.2,
2019-09-15,2.8,8.6,10.3,25.05,7.8,4.0,13.8,5.1,8.5,26.2,16.3,6.3,5.1,3.7
2019-09-22,4.2,6.8,10.3,36.4,6.2,2.6,13.8,5.1,17.0,39.3,26.1,16.9,25.4,7.3
2019-09-29,5.7,10.3,10.3,26.2,1.6,2.6,18.5,3.4,14.1,8.7,22.9,12.7,17.8,3.7
2019-10-06,,5.1,5.2,41.4,4.7,6.6,9.2,3.4,14.1,17.5,26.1,6.3,28.0,3.7
2019-10-13,2.8,13.7,15.5,31.95,10.9,5.3,18.5,5.1,8.5,21.8,35.9,8.4,22.9,11.0
2019-10-20,8.5,8.6,25.8,42.3,7.8,4.0,18.5,6.8,22.6,8.7,22.9,12.7,5.1,
2019-10-27,4.2,6.8,5.2,48.8,1.6,7.9,9.2,8.5,5.7,,26.1,6.3,15.3,3.7
2019-11-03,8.5,8.6,20.6,33.4,3.1,2.6,16.2,15.3,,30.5,52.3,8.4,12.7,18.3
2019-11-10,5.7,13.7,20.6,45.8,6.2,9.2,11.5,10.2,14.1,13.1,62.1,4.2,30.5,11.0
2019-11-17,7.1,12.0,15.5,33.25,7.8,6.6,11.5,11.9,14.1,8.7,78.4,16.9,33.1,7.3
2019-11-24,14.1,15.4,10.3,54.2,9.4,6.6,9.2,3.4,19.8,21.8,58.8,8.4,20.4,14.7
2019-12-01,7.1,5.1,15.5,52.4,15.6,5.3,30.0,13.6,31.1,30.5,65.3,12.7,30.5,
2019-12-08,15.6,12.0,5.2,64.45,7.8,5.3,11.5,18.7,34.0,26.2,65.3,16.9,45.8,11.0
2019-12-15,14.1,17.1,30.9,60.8,10.9,4.0,23.1,8.5,11.3,61.1,65.3,29.6,30.5,3.7
2019-12-22,21.2,32.5,15.5,93.0,12.5,13.2,46.2,13.6,62.2,61.1,101.2,19.0,40.7,25.7
2019-12-29,22.6,22.2,67.0,145.2,14.0,9.2,57.7,25.5,36.8,87.3,114.3,33.8,63.6,18.3
2020-01-05,29.7,58.1,30.9,137.55,31.2,17.2,66.9,20.4,48.1,74.2,143.7,50.7,91.6,36.7
2020-01-12,21.2,29.1,36.1,164.75,48.3,13.2,55.4,22.1,90.5,74.2,153.5,44.3,114.5,22.0
2020-01-19,39.6,58.1,30.9,271.0,35.9,15.8,76.2,54.3,84.9,65.4,209.0,48.5,142.5,47.7
2020-01-26,41.0,58.1,92.8,258.5,51.5,44.9,106.2,42.4,90.5,144.0,264.5,57.0,178.1,33.0
2020-02-02,39.6,61.6,77.3,288.65,40.5,38.3,87.7,40.7,104.7,187.6,271.1,92.9,175.6,106.4
2020-02-09,35.4,61.6,67.0,233.5,28.1,38.3,62.3,49.2,53.8,91.6,264.5,54.9,112.0,29.3
2020-02-16,25.5,56.4,56.7,178.75,14.0,34.3,48.5,22.1,67.9,26.2,189.4,52.8,104.3,55.0
2020-02-23,11.3,35.9,51.5,124.95,28.1,26.4,36.9,27.2,48.1,61.1,124.1,40.1,114.5,40.3
2020-03-01,24.1,27.4,25.8,122.05,14.0,25.1,53.1,32.3,45.3,82.9,114.3,31.7,84.0,33.0
2020-03-08,31.1,56.4,77.3,161.15,31.2,23.8,46.2,28.9,62.2,91.6,130.6,40.1,81.4,29.3
2020-03-15,31.1,27.4,25.8,99.75,17.2,11.9,27.7,28.9,22.6,52.4,88.2,12.7,91.6,62.4
2020-03-22,2.8,13.7,15.5,67.5,15.6,9.2,18.5,6.8,17.0,48.0,49.0,2.1,61.1,29.3
2020-03-29,8.5,12.0,10.3,53.1,24.9,2.6,25.4,20.4,34.0,17.5,62.1,8.4,28.0,
2020-04-05,5.7,13.7,15.5,59.6,12.5,2.6,25.4,18.7,14.1,13.1,35.9,2.1,20.4,18.3
2020-04-12,12.7,10.3,5.2,44.9,10.9,1.3,4.6,6.8,14.1,,49.0,4.2,20.4,3.7
2020-04-19,8.5,5.1,10.3,34.0,7.8,2.6,4.6,8.5,22.6,8.7,9.8,4.2,17.8,7.3
2020-04-26,8.5,1.7,5.2,22.05,9.4,,4.6,8.5,19.8,,16.3,2.1,17.8,
2020-05-03,7.1,1.7,,20.95,1.6,1.3,,5.1,,8.7,3.3,2.1,15.3,3.7
2020-05-10,5.7,5.1,,12.1,10.9,5.3,9.2,1.7,14.1,4.4,9.8,4.2,15.3,7.3
2020-05-17,4.2,3.4,,19.3,1.6,,6.9,,2.8,,19.6,4.2,10.2,3.7
2020-05-24,1.4,,5.2,14.15,,,,,,,,,5.1,
2020-05-31,2.8,,,7.05,3.1,4.0,2.3,1.7,2.8,4.4,3.3,,2.5,
2020-06-07,1.4,1.7,,8.2,1.6,1.3,6.9,,5.7,,,,10.2,3.7
2020-06-14,2.8,5.1,,2.2,3.1,,2.3,,5.7,,6.5,6.3,2.5,3.7
2020-06-21,7.1,,,6.7,,,2.3,3.4,5.7,,6.5,2.1,5.1,
2020-06-28,,1.7,,5.0,,,,,2.8,13.1,,4.2,5.1,3.7
2020-07-05,2.8,6.8,,10.8,1.6,1.3,4.6,1.7,2.8,13.1,,6.3,7.6,
2020-07-12,2.8,1.7,,8.9,,,,3.4,2.8,4.4,6.5,4.2,2.5,
2020-07-19,1.4,,,3.55,,,2.3,1.7,2.8,,6.5,2.1,2.5,
2020-07-26,,1.7,5.2,2.6,,2.6,2.3,3.4,2.8,8.7,6.5,2.1,10.2,3.7
2020-08-02,4.2,5.1,,18.55,3.1,,,3.4,2.8,13.1,3.3,2.1,2.5,
2020-08-09,2.8,1.7,,18.35,,1.3,2.3,3.4,8.5,8.7,16.3,4.2,12.7,3.7
2020-08-16,1.4,,5.2,13.95,1.6,1.3,6.9,3.4,,8.7,9.8,,5.1,11.0
2020-08-23,5.7,,,12.25,,2.6,9.2,3.4,,13.1,13.1,,2.5,
2020-08-30,5.7,,,8.75,,1.3,,1.7,11.3,4.4,,2.1,10.2,3.7
2020-09-06,2.8,3.4,,16.85,,1.3,11.5,1.7,2.8,21.8,26.1,4.2,,
2020-09-13,11.3,,5.2,15.1,,1.3,2.3,6.8,2.8,4.4,9.8,,7.6,
2020-09-20,4.2,1.7,5.2,12.65,,1.3,11.5,3.4,2.8,8.7,13.1,,10.2,7.3
2020-09-27,11.3,3.4,,14.15,4.7,1.3,4.6,3.4,5.7,4.4,13.1,,7.6,
2020-10-04,8.5,1.7,5.2,17.7,1.6,,9.2,,11.3,8.7,19.6,2.1,17.8,3.7
2020-10-11,,5.1,,9.3,1.6,,9.2,5.1,5.7,4.4,16.3,2.1,12.7,
2020-10-18,5.7,1.7,,10.05,,2.6,2.3,3.4,2.8,4.4,13.1,2.1,,3.7
2020-10-25,8.5,10.3,,9.85,,2.6,4.6,3.4,5.7,13.1,13.1,2.1,7.6,11.0
2020-11-01,2.8,,,21.7,1.6,4.0,9.2,8.5,5.7,13.1,26.1,6.3,5.1,
2020-11-08,,6.8,10.3,23.95,3.1,1.3,4.6,3.4,17.0,4.4,26.1,2.1,7.6,7.3
2020-11-15,2.8,5.1,,33.05,,,9.2,1.7,,4.4,32.7,8.4,25.4,3.7
2020-11-22,5.7,,5.2,21.15,,2.6,11.5,3.4,8.5,8.7,13.1,8.4,10.2,3.7
2020-11-29,7.1,10.3,5.2,16.85,1.6,,9.2,1.7,2.8,4.4,19.6,4.2,12.7,
2020-12-06,11.3,3.4,,26.55,3.1,,9.2,5.1,5.7,8.7,19.6,2.1,,7.3
2020-12-13,4.2,1.7,,25.05,6.2,2.6,4.6,5.1,8.5,8.7,35.9,2.1,15.3,7.3
2020-12-20,11.3,1.7,5.2,26.2,3.1,,2.3,,8.5,4.4,3.3,2.1,7.6,3.7
2020-12-27,5.7,,,30.65,3.1,1.3,4.6,6.8,5.7,13.1,22.9,6.3,10.2,
2021-01-03,8.5,10.3,,26.35,4.7,,6.9,6.8,11.3,8.7,26.1,4.2,12.7,7.3
2021-01-10,2.8,1.7,,19.1,4.7,2.6,6.9,3.4,8.5,4.4,26.1,2.1,20.4,11.0
2021-01-17,1.4,3.4,,19.1,4.7,,6.9,8.5,5.7,,19.6,4.2,20.4,7.3
2021-01-24,1.4,1.7,5.2,15.45,1.6,2.6,11.5,1.7,11.3,4.4,13.1,2.1,15.3,
2021-01-31,7.1,3.4,5.2,12.4,4.7,,2.3,1.7,2.8,,19.6,2.1,15.3,
2021-02-07,4.2,,,11.9,4.7,1.3,2.3,1.7,,,19.6,4.2,12.7,3.7
2021-02-14,4.2,,,12.25,3.1,1.3,,3.4,5.7,4.4,13.1,4.2,5.1,
2021-02-21,4.2,,,15.2,4.7,6.6,4.6,1.7,,,9.8,4.2,12.7,3.7
2021-02-28,4.2,,,26.2,,,6.9,,,17.5,16.3,8.4,10.2,7.3
2021-03-07,1.4,1.7,5.2,10.95,,1.3,2.3,3.4,,4.4,19.6,2.1,5.1,
2021-03-14,2.8,6.8,5.2,11.15,4.7,,4.6,3.4,5.7,17.5,16.3,2.1,5.1,7.3
2021-03-21,7.1,3.4,,15.25,1.6,1.3,2.3,1.7,8.5,13.1,3.3,4.2,10.2,
2021-03-28,2.8,5.1,,8.35,1.6,5.3,6.9,,,,19.6,,20.4,3.7
2021-04-04,7.1,,,10.6,3.1,2.6,4.6,3.4,5.7,4.4,13.1,2.1,10.2,
2021-04-11,5.7,1.7,,13.7,,1.3,2.3,1.7,2.8,8.7,22.9,2.1,10.2,
2021-04-18,1.4,3.4,5.2,23.0,,5.3,4.6,1.7,,,6.5,4.2,,11.0
2021-04-25,1.4,1.7,5.2,19.0,1.6,1.3,9.2,,5.7,8.7,9.8,6.3,2.5,14.7
2021-05-02,1.4,,,9.1,4.7,1.3,2.3,1.7,11.3,4.4,13.1,6.3,5.1,3.7
2021-05-09,11.3,3.4,,20.25,6.2,1.3,2.3,5.1,14.1,4.4,32.7,2.1,7.6,
2021-05-16,5.7,3.4,,26.0,9.4,2.6,,3.4,8.5,8.7,19.6,2.1,17.8,7.3
2021-05-23,8.5,3.4,,29.15,3.1,,4.6,10.2,8.5,21.8,19.6,2.1,10.2,
2021-05-30,11.3,,,26.35,1.6,,4.6,3.4,5.7,4.4,29.4,2.1,10.2,11.0
2021-06-06,1.4,1.7,5.2,24.5,4.7,1.3,4.6,1.7,8.5,13.1,3.3,6.3,5.1,
2021-06-13,4.2,3.4,,28.6,,6.6,4.6,10.2,11.3,17.5,19.6,6.3,15.3,3.7
2021-06-20,9.9,1.7,,25.7,1.6,4.0,6.9,3.4,8.5,13.1,26.1,4.2,5.1,
2021-06-27,9.9,1.7,15.5,16.85,3.1,2.6,4.6,10.2,11.3,8.7,19.6,8.4,10.2,
2021-07-04,9.9,3.4,,24.3,4.7,2.6,2.3,8.5,22.6,21.8,19.6,,20.4,7.3
2021-07-11,4.2,3.4,15.5,29.35,6.2,1.3,9.2,3.4,2.8,4.4,19.6,8.4,15.3,3.7
2021-07-18,7.1,8.6,10.3,32.3,10.9,5.3,4.6,8.5,5.7,13.1,16.3,2.1,17.8,11.0
2021-07-25,7.1,5.1,5.2,35.3,10.9,2.6,9.2,1.7,14.1,17.5,39.2,6.3,17.8,3.7
2021-08-01,5.7,1.7,5.2,36.05,7.8,,18.5,10.2,25.5,34.9,35.9,4.2,2.5,3.7
2021-08-08,5.7,5.1,5.2,28.4,6.2,2.6,16.2,10.2,14.1,21.8,45.7,4.2,7.6,7.3
2021-08-15,7.1,,,51.7,6.2,4.0,6.9,11.9,17.0,26.2,42.5,10.6,2.5,14.7
2021-08-22,12.7,5.1,10.3,24.0,4.7,,6.9,5.1,11.3,8.7,29.4,4.2,10.2,
2021-08-29,5.7,3.4,10.3,40.5,1.6,2.6,6.9,1.7,25.5,30.5,39.2,6.3,5.1,18.3
2021-09-05,5.7,5.1,5.2,43.8,4.7,4.0,11.5,8.5,17.0,30.5,16.3,2.1,15.3,7.3
2021-09-12,2.8,1.7,10.3,31.95,,5.3,11.5,10.2,22.6,8.7,32.7,8.4,20.4,
2021-09-19,17.0,12.0,20.6,62.75,9.4,5.3,11.5,3.4,11.3,30.5,65.3,4.2,10.2,7.3
2021-09-26,9.9,3.4,20.6,34.75,9.4,4.0,20.8,13.6,19.8,8.7,42.5,8.4,20.4,
2021-10-03,9.9,5.1,10.3,42.55,9.4,7.9,18.5,23.8,25.5,13.1,49.0,6.3,12.7,3.7
2021-10-10,14.1,5.1,5.2,42.85,3.1,9.2,18.5,6.8,17.0,21.8,26.1,2.1,12.7,7.3
2021-10-17,11.3,8.6,10.3,47.7,6.2,1.3,18.5,11.9,19.8,13.1,45.7,8.4,15.3,3.7
2021-10-24,21.2,1.7,5.2,25.05,12.5,4.0,9.2,8.5,8.5,4.4,26.1,6.3,2.5,7.3
2021-10-31,9.9,12.0,,27.25,12.5,7.9,16.2,5.1,8.5,13.1,35.9,4.2,10.2,11.0
2021-11-07,12.7,29.1,5.2,51.8,6.2,4.0,18.5,8.5,17.0,30.5,26.1,16.9,68.7,18.3
2021-11-14,22.6,22.2,15.5,43.45,6.2,15.8,16.2,6.8,14.1,26.2,55.5,21.1,33.1,3.7
2021-11-21,14.1,8.6,20.6,43.3,10.9,7.9,11.5,11.9,5.7,21.8,45.7,12.7,33.1,3.7
2021-11-28,22.6,23.9,15.5,58.1,17.2,17.2,18.5,11.9,36.8,21.8,81.6,21.1,22.9,7.3
2021-12-05,46.7,30.8,20.6,90.05,20.3,6.6,20.8,17.0,34.0,34.9,88.2,25.3,45.8,7.3
2021-12-12,18.4,25.7,30.9,97.45,17.2,7.9,18.5,10.2,48.1,26.2,94.7,16.9,35.6,18.3
2021-12-19,25.5,10.3,25.8,102.15,23.4,17.2,25.4,23.8,31.1,39.3,111.0,27.4,45.8,7.3
2021-12-26,36.8,18.8,36.1,163.95,23.4,10.6,53.1,18.7,62.2,61.1,137.2,25.3,53.4,7.3
2022-01-02,18.4,15.4,36.1,106.6,12.5,5.3,25.4,15.3,39.6,21.8,84.9,6.3,45.8,22.0
2022-01-09,14.1,5.1,5.2,62.0,3.1,4.0,18.5,8.5,17.0,30.5,65.3,12.7,28.0,3.7
2022-01-16,15.6,6.8,,34.15,1.6,5.3,6.9,1.7,17.0,8.7,29.4,8.4,20.4,3.7
2022-01-23,8.5,3.4,10.3,17.25,3.1,2.6,6.9,5.1,8.5,4.4,19.6,2.1,5.1,7.3
2022-01-30,4.2,1.7,15.5,19.0,3.1,6.6,4.6,1.7,8.5,,16.3,4.2,17.8,11.0
2022-02-06,5.7,1.7,,21.55,3.1,2.6,6.9,1.7,8.5,13.1,22.9,,10.2,11.0
2022-02-13,8.5,3.4,,15.35,4.7,1.3,4.6,,,13.1,16.3,4.2,15.3,3.7
2022-02-20,7.1,3.4,,14.3,,2.6,2.3,5.1,5.7,,6.5,4.2,5.1,7.3
2022-02-27,,15.4,,16.85,3.1,,4.6,,8.5,13.1,16.3,2.1,2.5,
2022-03-06,5.7,1.7,5.2,12.1,3.1,1.3,4.6,5.1,17.0,17.5,9.8,6.3,17.8,3.7
2022-03-13,5.7,5.1,,20.4,1.6,2.6,4.6,3.4,11.3,21.8,32.7,8.4,10.2,3.7
2022-03-20,9.9,3.4,25.8,31.2,10.9,5.3,6.9,10.2,19.8,26.2,22.9,14.8,17.8,3.7
2022-03-27,12.7,10.3,10.3,54.55,9.4,7.9,18.5,6.8,22.6,34.9,42.5,23.2,17.8,11.0
2022-04-03,17.0,15.4,5.2,67.7,18.7,18.5,16.2,18.7,28.3,30.5,75.1,12.7,28.0,11.0
2022-04-10,26.9,15.4,15.5,90.85,14.0,15.8,23.1,11.9,34.0,34.9,91.4,16.9,28.0,14.7
2022-04-17,22.6,10.3,10.3,91.2,10.9,27.7,27.7,11.9,14.1,56.7,62.1,21.1,35.6,22.0
2022-04-24,15.6,23.9,46.4,90.8,10.9,11.9,18.5,25.5,42.4,17.5,55.5,19.0,22.9,14.7
2022-05-01,15.6,15.4,41.2,87.65,15.6,14.5,30.0,11.9,34.0,26.2,71.8,12.7,25.4,22.0
2022-05-08,26.9,15.4,46.4,98.05,14.0,7.9,23.1,22.1,53.8,34.9,45.7,16.9,30.5,25.7
2022-05-15,29.7,6.8,36.1,68.15,10.9,6.6,25.4,10.2,22.6,21.8,91.4,12.7,30.5,7.3
2022-05-22,15.6,6.8,15.5,36.2,24.9,9.2,11.5,15.3,17.0,21.8,65.3,12.7,33.1,3.7
2022-05-29,24.1,8.6,5.2,44.9,12.5,4.0,9.2,11.9,14.1,21.8,49.0,12.7,30.5,11.0
2022-06-05,11.3,6.8,15.5,49.0,9.4,6.6,13.8,6.8,14.1,34.9,39.2,8.4,17.8,7.3
2022-06-12,24.1,5.1,10.3,47.2,4.7,,18.5,5.1,17.0,21.8,29.4,8.4,25.4,7.3
2022-06-19,12.7,3.4,5.2,34.9,7.8,5.3,2.3,6.8,14.1,17.5,26.1,4.2,17.8,7.3
2022-06-26,7.1,3.4,10.3,29.7,10.9,5.3,23.1,17.0,11.3,26.2,45.7,2.1,25.4,3.7
2022-07-03,9.9,5.1,,41.05,6.2,6.6,6.9,8.5,14.1,17.5,39.2,8.4,12.7,
2022-07-10,8.5,1.7,15.5,32.15,3.1,2.6,,1.7,8.5,4.4,29.4,6.3,7.6,7.3
2022-07-17,14.1,8.6,5.2,27.1,6.2,5.3,9.2,13.6,8.5,17.5,19.6,6.3,15.3,3.7
2022-07-24,5.7,3.4,5.2,28.8,6.2,5.3,16.2,6.8,11.3,34.9,32.7,4.2,12.7,7.3
2022-07-31,19.8,8.6,,25.7,6.2,4.0,16.2,8.5,8.5,26.2,13.1,12.7,12.7,7.3
2022-08-07,5.7,5.1,5.2,26.55,1.6,6.6,11.5,6.8,19.8,4.4,39.2,10.6,20.4,11.0
2022-08-14,12.7,,10.3,38.2,4.7,4.0,11.5,15.3,34.0,13.1,35.9,2.1,15.3,3.7
2022-08-21,8.5,1.7,15.5,24.15,3.1,4.0,9.2,5.1,17.0,8.7,16.3,4.2,5.1,3.7
2022-08-28,5.7,5.1,,23.6,4.7,6.6,9.2,3.4,5.7,26.2,26.1,4.2,15.3,7.3
2022-09-04,11.3,12.0,15.5,28.75,1.6,5.3,13.8,6.8,8.5,21.8,42.5,12.7,12.7,7.3
2022-09-11,12.7,5.1,10.3,60.35,12.5,1.3,18.5,11.9,25.5,39.3,55.5,4.2,12.7,3.7
2022-09-18,12.7,6.8,,67.6,7.8,6.6,9.2,11.9,34.0,26.2,35.9,,28.0,11.0
2022-09-25,19.8,12.0,25.8,78.95,17.2,7.9,43.9,18.7,31.1,34.9,75.1,6.3,22.9,11.0
2022-10-02,18.4,13.7,15.5,101.95,20.3,10.6,30.0,10.2,50.9,26.2,45.7,10.6,25.4,7.3
2022-10-09,21.2,8.6,10.3,110.35,20.3,7.9,34.6,20.4,50.9,56.7,45.7,21.1,17.8,14.7
2022-10-16,17.0,5.1,5.2,79.5,12.5,11.9,11.5,22.1,36.8,34.9,55.5,14.8,53.4,11.0
2022-10-23,28.3,12.0,25.8,95.25,15.6,17.2,30.0,22.1,39.6,43.6,75.1,21.1,25.4,25.7
2022-10-30,26.9,8.6,36.1,93.6,12.5,18.5,39.2,23.8,56.6,48.0,81.6,14.8,50.9,14.7
2022-11-06,18.4,22.2,15.5,130.95,26.5,11.9,32.3,27.2,31.1,65.4,117.6,10.6,40.7,33.0
2022-11-13,34.0,5.1,56.7,126.05,21.8,14.5,32.3,22.1,62.2,87.3,153.5,10.6,40.7,22.0
2022-11-20,53.8,12.0,51.5,214.35,20.3,13.2,66.9,25.5,90.5,78.5,130.6,19.0,45.8,22.0
2022-11-27,55.2,54.7,46.4,258.1,39.0,29.0,115.4,50.9,87.7,104.7,287.4,57.0,119.6,36.7
2022-12-04,86.3,35.9,118.5,330.35,48.3,30.4,113.1,44.1,84.9,152.7,228.6,48.5,114.5,51.3
2022-12-11,82.1,56.4,61.8,292.65,76.4,23.8,96.9,40.7,107.5,104.7,209.0,65.4,142.5,55.0
2022-12-18,56.6,32.5,61.8,219.25,67.0,11.9,60.0,47.5,73.6,104.7,189.4,48.5,132.3,55.0
2022-12-25,25.5,32.5,41.2,146.4,40.5,11.9,57.7,37.3,73.6,82.9,120.8,50.7,86.5,36.7
2023-01-01,50.9,17.1,30.9,138.35,17.2,7.9,25.4,23.8,56.6,52.4,111.0,16.9,61.1,33.0
2023-01-08,29.7,17.1,15.5,69.75,10.9,10.6,16.2,13.6,28.3,43.6,32.7,8.4,35.6,3.7
2023-01-15,19.8,12.0,5.2,45.7,10.9,18.5,23.1,15.3,31.1,30.5,58.8,12.7,22.9,7.3
2023-01-22,9.9,6.8,20.6,44.2,7.8,6.6,16.2,18.7,2.8,26.2,42.5,10.6,33.1,3.7
2023-01-29,9.9,6.8,10.3,28.6,3.1,1.3,20.8,11.9,31.1,13.1,42.5,8.4,28.0,7.3
2023-02-05,9.9,5.1,5.2,50.45,4.7,7.9,18.5,10.2,22.6,13.1,42.5,6.3,35.6,14.7
2023-02-12,19.8,3.4,25.8,48.45,4.7,1.3,18.5,3.4,25.5,13.1,42.5,6.3,28.0,3.7
2023-02-19,11.3,10.3,15.5,41.05,6.2,11.9,9.2,11.9,8.5,8.7,39.2,10.6,22.9,3.7
2023-02-26,17.0,1.7,15.5,42.9,6.2,7.9,9.2,3.4,5.7,8.7,22.9,8.4,20.4,7.3
2023-03-05,17.0,12.0,5.2,34.55,10.9,4.0,9.2,6.8,8.5,13.1,39.2,4.2,25.4,3.7
2023-03-12,17.0,3.4,20.6,27.85,9.4,6.6,16.2,13.6,19.8,17.5,19.6,6.3,28.0,11.0
2023-03-19,14.1,6.8,10.3,53.1,7.8,4.0,11.5,6.8,11.3,34.9,49.0,8.4,22.9,3.7
2023-03-26,8.5,3.4,20.6,62.0,21.8,2.6,30.0,10.2,17.0,26.2,58.8,6.3,20.4,
2023-04-02,19.8,3.4,25.8,43.65,1.6,4.0,16.2,15.3,39.6,21.8,42.5,6.3,5.1,11.0
2023-04-09,12.7,5.1,10.3,63.85,6.2,9.2,2.3,10.2,8.5,34.9,52.3,8.4,28.0,7.3
2023-04-16,15.6,8.6,,44.9,6.2,6.6,11.5,11.9,28.3,34.9,55.5,10.6,22.9,7.3
2023-04-23,15.6,5.1,25.8,31.2,6.2,4.0,2.3,8.5,25.5,30.5,26.1,4.2,12.7,
2023-04-30,17.0,5.1,15.5,32.5,9.4,2.6,27.7,11.9,25.5,30.5,19.6,8.4,20.4,3.7
2023-05-07,8.5,1.7,15.5,42.0,6.2,6.6,20.8,3.4,34.0,30.5,22.9,8.4,10.2,11.0
2023-05-14,11.3,3.4,20.6,41.25,12.5,5.3,11.5,15.3,17.0,34.9,26.1,6.3,10.2,7.3
2023-05-21,9.9,1.7,10.3,44.2,6.2,6.6,13.8,1.7,28.3,26.2,52.3,6.3,25.4,7.3
2023-05-28,11.3,3.4,15.5,40.45,1.6,2.6,18.5,11.9,17.0,34.9,45.7,4.2,25.4,7.3
2023-06-04,11.3,1.7,25.8,40.85,10.9,7.9,11.5,5.1,2.8,17.5,29.4,4.2,17.8,7.3
2023-06-11,2.8,13.7,15.5,37.35,4.7,4.0,11.5,5.1,17.0,43.6,35.9,6.3,33.1,3.7
2023-06-18,11.3,10.3,15.5,35.45,4.7,7.9,13.8,10.2,14.1,13.1,39.2,4.2,12.7,3.7
2023-06-25,4.2,6.8,15.5,32.5,4.7,,9.2,6.8,5.7,4.4,22.9,10.6,20.4,
2023-07-02,1.4,3.4,,24.5,6.2,2.6,6.9,3.4,11.3,4.4,26.1,8.4,15.3,7.3
2023-07-09,7.1,5.1,10.3,20.25,1.6,6.6,9.2,3.4,11.3,13.1,13.1,6.3,10.2,3.7
2023-07-16,7.1,5.1,10.3,26.9,3.1,2.6,4.6,5.1,14.1,13.1,16.3,,22.9,3.7
2023-07-23,4.2,1.7,5.2,15.25,1.6,9.2,11.5,1.7,8.5,4.4,19.6,4.2,5.1,3.7
2023-07-30,9.9,3.4,,18.35,1.6,5.3,9.2,8.5,11.3,21.8,19.6,,10.2,
2023-08-06,7.1,1.7,10.3,25.6,7.8,,2.3,5.1,5.7,8.7,29.4,,7.6,3.7
2023-08-13,8.5,1.7,5.2,15.75,7.8,7.9,11.5,5.1,14.1,13.1,32.7,,12.7,3.7
2023-08-20,7.1,1.7,,19.3,4.7,6.6,4.6,3.4,14.1,39.3,19.6,4.2,10.2,
2023-08-27,7.1,12.0,10.3,35.95,4.7,1.3,13.8,5.1,11.3,17.5,19.6,10.6,17.8,7.3
2023-09-03,12.7,1.7,5.2,35.1,4.7,2.6,16.2,11.9,5.7,21.8,22.9,2.1,25.4,3.7
2023-09-10,12.7,3.4,10.3,22.25,4.7,6.6,9.2,17.0,17.0,4.4,32.7,6.3,12.7,7.3
2023-09-17,9.9,10.3,,45.35,7.8,2.6,18.5,8.5,14.1,34.9,45.7,,17.8,
2023-09-24,18.4,6.8,25.8,39.75,7.8,10.6,6.9,13.6,22.6,4.4,32.7,2.1,28.0,7.3
2023-10-01,14.1,5.1,10.3,42.65,4.7,11.9,13.8,13.6,8.5,52.4,29.4,6.3,17.8,7.3
2023-10-08,15.6,10.3,10.3,47.05,9.4,6.6,23.1,8.5,22.6,30.5,32.7,4.2,30.5,7.3
2023-10-15,11.3,10.3,30.9,65.0,6.2,9.2,18.5,10.2,28.3,43.6,68.6,4.2,28.0,11.0
2023-10-22,14.1,12.0,15.5,70.75,15.6,11.9,13.8,8.5,22.6,26.2,58.8,6.3,12.7,14.7
2023-10-29,18.4,13.7,5.2,73.55,15.6,9.2,23.1,17.0,22.6,26.2,58.8,8.4,28.0,11.0
2023-11-05,18.4,8.6,15.5,65.4,15.6,10.6,23.1,17.0,45.3,34.9,78.4,16.9,40.7,11.0
2023-11-12,19.8,17.1,36.1,67.6,10.9,4.0,20.8,11.9,39.6,17.5,120.8,14.8,58.5,33.0
2023-11-19,14.1,10.3,15.5,64.65,17.2,9.2,39.2,18.7,34.0,26.2,19.6,21.1,15.3,18.3
2023-11-26,18.4,22.2,10.3,90.6,23.4,5.3,43.9,15.3,48.1,61.1,71.8,14.8,38.2,25.7
2023-12-03,18.4,13.7,46.4,80.8,32.7,7.9,55.4,10.2,42.4,78.5,65.3,23.2,43.3,3.7
2023-12-10,22.6,17.1,25.8,133.65,28.1,10.6,43.9,20.4,65.1,39.3,71.8,25.3,48.4,22.0
2023-12-17,34.0,29.1,25.8,148.8,15.6,11.9,50.8,15.3,76.4,69.8,84.9,21.1,38.2,47.7
2023-12-24,42.4,32.5,51.5,137.05,23.4,14.5,80.8,45.8,99.0,78.5,153.5,19.0,76.3,33.0
2023-12-31,55.2,35.9,36.1,139.3,40.5,11.9,53.1,27.2,73.6,52.4,98.0,35.9,63.6,47.7
2024-01-07,25.5,32.5,15.5,120.3,26.5,7.9,25.4,23.8,53.8,39.3,107.8,29.6,91.6,25.7
2024-01-14,17.0,20.5,10.3,106.9,24.9,14.5,36.9,13.6,62.2,52.4,107.8,12.7,76.3,25.7
2024-01-21,26.9,30.8,36.1,99.35,26.5,19.8,36.9,10.2,59.4,39.3,78.4,25.3,96.7,22.0
2024-01-28,31.1,34.2,20.6,101.6,20.3,17.2,43.9,18.7,53.8,56.7,104.5,23.2,73.8,40.3
2024-02-04,29.7,34.2,20.6,109.35,23.4,29.0,48.5,13.6,39.6,74.2,150.2,21.1,94.2,14.7
2024-02-11,42.4,25.7,20.6,115.85,28.1,19.8,66.9,28.9,56.6,74.2,124.1,21.1,81.4,25.7
2024-02-18,39.6,32.5,10.3,103.25,17.2,34.3,18.5,25.5,70.7,87.3,133.9,27.4,78.9,33.0
2024-02-25,36.8,44.5,30.9,126.1,18.7,18.5,27.7,8.5,76.4,52.4,88.2,16.9,68.7,40.3
2024-03-03,25.5,32.5,15.5,102.55,14.0,15.8,43.9,25.5,25.5,61.1,71.8,23.2,43.3,29.3
2024-03-10,19.8,25.7,15.5,96.75,18.7,13.2,25.4,18.7,42.4,21.8,58.8,21.1,53.4,33.0
2024-03-17,12.7,13.7,25.8,93.0,15.6,9.2,27.7,8.5,34.0,48.0,55.5,23.2,30.5,14.7
2024-03-24,19.8,13.7,5.2,75.55,18.7,14.5,30.0,15.3,39.6,39.3,94.7,23.2,48.4,22.0
2024-03-31,17.0,10.3,5.2,85.85,20.3,13.2,30.0,17.0,65.1,21.8,81.6,14.8,22.9,22.0
2024-04-07,24.1,8.6,5.2,88.75,20.3,15.8,20.8,20.4,28.3,39.3,49.0,10.6,30.5,3.7
2024-04-14,14.1,10.3,5.2,51.95,4.7,13.2,23.1,17.0,22.6,48.0,35.9,10.6,45.8,14.7
2024-04-21,7.1,10.3,,46.0,6.2,7.9,11.5,8.5,28.3,21.8,55.5,14.8,20.4,11.0
2024-04-28,9.9,20.5,5.2,41.45,7.8,5.3,11.5,10.2,11.3,17.5,62.1,14.8,33.1,3.7
2024-05-05,15.6,5.1,10.3,57.15,10.9,1.3,6.9,5.1,14.1,30.5,45.7,12.7,25.4,11.0
2024-05-12,11.3,5.1,5.2,39.2,4.7,7.9,4.6,5.1,19.8,17.5,32.7,6.3,22.9,14.7
2024-05-19,9.9,,,48.8,4.7,11.9,6.9,5.1,22.6,17.5,39.2,2.1,15.3,3.7
2024-05-26,9.9,1.7,10.3,22.65,3.1,7.9,9.2,8.5,14.1,13.1,45.7,2.1,17.8,3.7
2024-06-02,2.8,3.4,5.2,27.1,7.8,,13.8,1.7,14.1,13.1,19.6,2.1,7.6,3.7
2024-06-09,7.1,12.0,,13.0,4.7,1.3,9.2,3.4,,13.1,16.3,2.1,10.2,
2024-06-16,,,,13.7,4.7,2.6,2.3,1.7,5.7,17.5,9.8,,15.3,
2024-06-23,8.5,6.8,20.6,13.5,6.2,1.3,11.5,3.4,8.5,4.4,26.1,4.2,10.2,
2024-06-30,9.9,6.8,15.5,18.15,,,13.8,3.4,14.1,4.4,6.5,10.6,22.9,3.7
2024-07-07,7.1,3.4,,22.85,4.7,5.3,,3.4,17.0,13.1,9.8,4.2,12.7,
2024-07-14,8.5,3.4,,15.6,,1.3,9.2,3.4,,34.9,9.8,2.1,7.6,3.7
2024-07-21,11.3,1.7,,15.75,1.6,2.6,2.3,5.1,8.5,13.1,13.1,4.2,7.6,
2024-07-28,4.2,,5.2,17.5,4.7,1.3,4.6,1.7,19.8,13.1,6.5,2.1,5.1,7.3
2024-08-04,5.7,5.1,5.2,24.3,3.1,,2.3,3.4,11.3,13.1,13.1,,5.1,
2024-08-11,,3.4,,12.4,6.2,,9.2,8.5,5.7,8.7,3.3,4.2,10.2,3.7
2024-08-18,2.8,3.4,,12.6,4.7,1.3,2.3,,2.8,4.4,9.8,4.2,10.2,11.0
2024-08-25,1.4,5.1,5.2,17.4,,6.6,,1.7,11.3,4.4,13.1,,10.2,3.7
2024-09-01,2.8,8.6,20.6,16.55,6.2,1.3,,8.5,11.3,4.4,3.3,2.1,15.3,
2024-09-08,7.1,6.8,10.3,19.0,1.6,1.3,11.5,3.4,17.0,21.8,16.3,4.2,5.1,7.3
2024-09-15,9.9,6.8,5.2,19.1,7.8,7.9,4.6,1.7,17.0,17.5,16.3,6.3,20.4,7.3
2024-09-22,4.2,1.7,,21.55,6.2,4.0,11.5,6.8,11.3,8.7,22.9,,20.4,
2024-09-29,2.8,5.1,5.2,22.85,4.7,2.6,11.5,10.2,5.7,17.5,19.6,,17.8,
2024-10-06,5.7,6.8,10.3,30.25,3.1,5.3,13.8,8.5,17.0,13.1,16.3,4.2,25.4,7.3
2024-10-13,4.2,8.6,,15.75,6.2,7.9,9.2,1.7,11.3,26.2,26.1,4.2,33.1,7.3
2024-10-20,22.6,5.1,15.5,25.05,10.9,9.2,9.2,3.4,8.5,4.4,26.1,6.3,20.4,11.0
2024-10-27,5.7,6.8,10.3,30.25,7.8,2.6,16.2,6.8,11.3,21.8,35.9,2.1,22.9,14.7
2024-11-03,12.7,12.0,15.5,41.55,4.7,1.3,18.5,1.7,17.0,30.5,9.8,6.3,20.4,14.7
2024-11-10,24.1,13.7,5.2,30.25,7.8,2.6,2.3,6.8,11.3,4.4,26.1,10.6,25.4,3.7
2024-11-17,12.7,10.3,15.5,32.5,12.5,4.0,20.8,10.2,14.1,8.7,26.1,4.2,33.1,
2024-11-24,14.1,5.1,25.8,38.65,9.4,5.3,4.6,3.4,8.5,13.1,35.9,4.2,20.4,14.7
2024-12-01,21.2,5.1,36.1,34.85,7.8,17.2,20.8,13.6,14.1,21.8,29.4,2.1,48.4,
2024-12-08,9.9,5.1,15.5,39.55,14.0,5.3,16.2,6.8,45.3,34.9,49.0,8.4,48.4,7.3
2024-12-15,24.1,6.8,20.6,45.0,10.9,5.3,25.4,11.9,25.5,48.0,68.6,8.4,22.9,14.7
2024-12-22,21.2,8.6,20.6,86.9,21.8,7.9,20.8,20.4,39.6,26.2,62.1,14.8,48.4,14.7
2024-12-29,35.4,17.1,61.8,120.0,21.8,6.6,48.5,22.1,79.2,61.1,91.4,29.6,56.0,25.7
2025-01-05,28.3,35.9,25.8,111.85,24.9,17.2,41.5,23.8,59.4,65.4,81.6,29.6,81.4,47.7
2025-01-12,69.3,23.9,25.8,193.75,28.1,18.5,83.1,30.6,96.2,126.5,179.6,23.2,109.4,40.3
2025-01-19,59.4,41.0,46.4,292.45,53.0,21.1,78.5,39.0,147.1,139.6,235.1,44.3,96.7,58.7
2025-01-26,55.2,44.5,56.7,289.7,81.1,31.7,108.5,42.4,124.5,161.4,261.3,86.5,152.7,69.7
2025-02-02,93.4,66.7,82.4,294.35,68.6,56.8,117.7,66.2,166.9,187.6,271.1,78.1,165.4,66.0
2025-02-09,75.0,70.1,92.8,217.05,48.3,27.7,99.2,66.2,101.9,100.3,205.7,76.0,114.5,62.4
2025-02-16,48.1,53.0,67.0,178.85,39.0,19.8,57.7,34.0,56.6,109.1,147.0,38.0,94.2,14.7
2025-02-23,42.4,34.2,30.9,99.0,21.8,23.8,50.8,25.5,53.8,78.5,117.6,23.2,50.9,40.3
2025-03-02,17.0,27.4,20.6,84.45,20.3,13.2,32.3,13.6,34.0,34.9,62.1,6.3,48.4,18.3
2025-03-09,9.9,5.1,56.7,73.55,23.4,9.2,27.7,17.0,17.0,30.5,49.0,21.1,56.0,25.7
2025-03-16,24.1,12.0,5.2,57.7,14.0,7.9,48.5,11.9,14.1,39.3,52.3,4.2,43.3,14.7
2025-03-23,18.4,20.5,10.3,38.8,10.9,9.2,27.7,17.0,19.8,30.5,68.6,6.3,38.2,18.3
2025-03-30,17.0,17.1,20.6,49.35,1.6,7.9,18.5,6.8,39.6,26.2,58.8,10.6,43.3,7.3
2025-04-06,24.1,17.1,15.5,71.85,14.0,2.6,27.7,1.7,14.1,30.5,52.3,10.6,22.9,14.7
2025-04-13,17.0,12.0,41.2,40.7,10.9,6.6,16.2,3.4,19.8,39.3,39.2,6.3,25.4,14.7
2025-04-20,14.1,10.3,10.3,29.5,4.7,1.3,9.2,6.8,11.3,26.2,26.1,8.4,12.7,11.0
2025-04-27,14.1,5.1,10.3,34.15,3.1,1.3,6.9,,,,9.8,4.2,17.8,7.3
2025-05-04,2.8,1.7,,16.85,6.2,4.0,16.2,5.1,11.3,4.4,16.3,6.3,12.7,3.7
2025-05-11,8.5,6.8,5.2,24.65,7.8,1.3,18.5,,2.8,17.5,6.5,,12.7,
2025-05-18,2.8,,5.2,24.65,3.1,4.0,4.6,5.1,5.7,13.1,29.4,4.2,10.2,11.0
2025-05-25,9.9,6.8,5.2,19.65,3.1,,6.9,1.7,11.3,4.4,19.6,2.1,12.7,7.3
2025-06-01,2.8,1.7,10.3,24.3,1.6,5.3,4.6,3.4,5.7,13.1,6.5,2.1,10.2,3.7
2025-06-08,2.8,3.4,,14.5,,1.3,,6.8,8.5,4.4,22.9,2.1,15.3,3.7
2025-06-15,5.7,1.7,,6.7,3.1,4.0,4.6,,2.8,13.1,9.8,6.3,17.8,
2025-06-22,2.8,1.7,10.3,9.5,1.6,,6.9,1.7,11.3,26.2,29.4,2.1,10.2,11.0
2025-06-29,1.4,,,5.75,3.1,4.0,2.3,1.7,,8.7,3.3,,7.6,
2025-07-06,2.8,1.7,,10.05,,1.3,2.3,1.7,2.8,4.4,6.5,2.1,7.6,
2025-07-13,1.4,1.7,,11.9,1.6,2.6,4.6,1.7,8.5,8.7,9.8,4.2,2.5,
2025-07-20,5.7,3.4,,8.9,3.1,,,3.4,2.8,,9.8,,17.8,3.7
2025-07-27,4.2,1.7,10.3,3.55,,1.3,2.3,3.4,2.8,,6.5,4.2,5.1,
2025-08-03,7.1,5.1,5.2,13.5,4.7,,2.3,1.7,8.5,13.1,16.3,,5.1,
2025-08-10,8.5,1.7,,10.8,4.7,,6.9,1.7,11.3,,6.5,2.1,5.1,3.7
2025-08-17,2.8,,5.2,22.85,3.1,1.3,2.3,5.1,8.5,,16.3,10.6,10.2,3.7
2025-08-24,7.1,1.7,10.3,13.4,,,2.3,5.1,2.8,8.7,6.5,4.2,5.1,11.0
2025-08-31,4.2,,5.2,11.15,9.4,4.0,2.3,3.4,2.8,,16.3,,5.1,11.0
2025-09-07,5.7,8.6,10.3,5.0,3.1,2.6,11.5,1.7,5.7,,29.4,,17.8,7.3
2025-09-14,7.1,1.7,5.2,24.65,4.7,1.3,11.5,5.1,5.7,4.4,6.5,4.2,5.1,3.7
2025-09-21,5.7,5.1,,28.95,1.6,4.0,4.6,3.4,2.8,8.7,35.9,4.2,12.7,
2025-09-28,11.3,6.8,15.5,15.95,1.6,2.6,13.8,3.4,,30.5,26.1,6.3,7.6,11.0
2025-10-05,8.5,3.4,,13.5,3.1,4.0,,1.7,5.7,8.7,39.2,6.3,7.6,7.3
2025-10-12,7.1,1.7,5.2,12.1,,1.3,6.9,,5.7,8.7,6.5,2.1,10.2,7.3
2025-10-19,4.2,5.1,5.2,19.45,12.5,2.6,9.2,1.7,8.5,13.1,16.3,2.1,17.8,11.0
2025-10-26,9.9,3.4,5.2,24.7,14.0,2.6,13.8,,2.8,8.7,16.3,2.1,7.6,3.7
2025-11-02,12.7,12.0,,25.05,3.1,,6.9,8.5,11.3,13.1,19.6,2.1,7.6,3.7
2025-11-09,4.2,10.3,15.5,31.4,3.1,6.6,2.3,3.4,11.3,17.5,26.1,6.3,2.5,11.0
2025-11-16,15.6,10.3,,38.05,10.9,5.3,13.8,1.7,22.6,21.8,39.2,2.1,17.8,14.7
2025-11-23,12.7,17.1,5.2,44.5,1.6,4.0,13.8,13.6,11.3,13.1,58.8,,33.1,7.3
2025-11-30,11.3,15.4,10.3,62.2,4.7,6.6,27.7,11.9,19.8,17.5,55.5,19.0,38.2,3.7
2025-12-07,25.5,10.3,15.5,111.0,17.2,18.5,23.1,23.8,22.6,56.7,114.3,14.8,38.2,18.3
2025-12-14,50.9,25.7,92.8,194.85,40.5,19.8,66.9,30.6,59.4,91.6,156.8,50.7,132.3,33.0
2025-12-21,79.2,58.1,77.3,256.15,48.3,14.5,94.6,61.1,82.0,157.1,251.5,40.1,117.1,88.0
2025-12-28,66.5,32.5,77.3,216.15,59.3,17.2,87.7,56.0,110.3,170.1,212.3,59.1,127.2,80.7
2026-01-04,77.8,58.1,61.8,174.8,37.4,21.1,57.7,49.2,84.9,139.6,101.2,46.4,119.6,69.7
2026-01-11,43.9,29.1,15.5,96.35,31.2,9.2,27.7,34.0,45.3,61.1,107.8,25.3,76.3,11.0
2026-01-18,12.7,20.5,20.6,60.55,18.7,11.9,16.2,6.8,36.8,56.7,78.4,19.0,58.5,22.0
2026-01-25,17.0,10.3,15.5,50.3,15.6,10.6,6.9,11.9,34.0,13.1,42.5,10.6,35.6,14.7
2026-02-01,8.5,12.0,20.6,56.65,14.0,11.9,11.5,15.3,25.5,13.1,42.5,10.6,17.8,11.0
2026-02-08,15.6,5.1,20.6,63.7,6.2,10.6,11.5,6.8,19.8,30.5,42.5,10.6,20.4,22.0
2026-02-15,18.4,18.8,5.2,56.25,12.5,9.2,16.2,5.1,17.0,56.7,39.2,10.6,17.8,14.7
2026-02-22,12.7,15.4,25.8,42.65,4.7,15.8,13.8,5.1,8.5,4.4,35.9,14.8,17.8,7.3
2026-03-01,15.6,18.8,5.2,53.25,10.9,9.2,23.1,13.6,14.1,21.8,39.2,12.7,38.2,14.7
2026-03-08,19.8,15.4,,59.85,18.7,9.2,13.8,10.2,22.6,34.9,39.2,19.0,30.5,11.0
2026-03-15,34.0,18.8,15.5,73.65,14.0,6.6,13.8,15.3,14.1,30.5,71.8,12.7,33.1,18.3
2026-03-22,24.1,15.4,10.3,72.35,1.6,7.9,23.1,10.2,28.3,34.9,55.5,16.9,22.9,
2026-03-29,17.0,12.0,,67.6,17.2,7.9,30.0,11.9,11.3,34.9,42.5,10.6,30.5,11.0
2026-04-05,17.0,8.6,15.5,52.15,6.2,9.2,11.5,5.1,17.0,30.5,62.1,4.2,15.3,7.3
2026-04-12,11.3,10.3,20.6,45.1,14.0,1.3,13.8,10.2,11.3,,32.7,12.7,28.0,14.7
2026-04-19,15.6,3.4,,28.2,6.2,2.6,11.5,10.2,5.7,17.5,26.1,6.3,22.9,3.7
2026-04-26,7.1,10.3,5.2,25.45,9.4,4.0,13.8,8.5,11.3,21.8,32.7,,7.6,11.0
2026-05-03,4.2,8.6,20.6,30.65,7.8,1.3,13.8,5.1,11.3,30.5,22.9,4.2,10.2,
2026-05-10,8.5,3.4,20.6,25.45,3.1,1.3,6.9,1.7,14.1,26.2,16.3,8.4,22.9,
2026-05-17,14.1,1.7,10.3,20.75,3.1,2.6,11.5,3.4,8.5,4.4,9.8,6.3,12.7,3.7
2026-05-24,8.5,,5.2,24.15,9.4,,16.2,3.4,2.8,,13.1,2.1,7.6,
2026-05-31,8.5,,5.2,6.9,,1.3,9.2,6.8,2.8,13.1,16.3,2.1,5.1,3.7
2026-06-07,4.2,5.1,20.6,15.95,4.7,4.0,,3.4,2.8,17.5,19.6,4.2,5.1,
2026-06-14,2.8,3.4,,17.7,6.2,2.6,6.9,1.7,8.5,8.7,9.8,2.1,5.1,7.3
2026-06-21,4.2,3.4,,6.15,3.1,,2.3,5.1,2.8,17.5,3.3,,2.5,3.7
2026-06-28,2.8,1.7,10.3,12.4,1.6,1.3,,1.7,,8.7,9.8,4.2,12.7,
2026-07-05,4.2,8.6,,9.5,,1.3,2.3,,5.7,13.1,9.8,,12.7,
2026-07-12,4.2,,,4.65,3.1,1.3,4.6,1.7,,,13.1,,7.6,
2026-07-19,5.7,5.1,5.2,12.4,3.1,1.3,4.6,,,,13.1,,2.5,
2026-07-26,5.7,10.3,,17.05,3.1,,2.3,1.7,2.8,4.4,6.5,6.3,12.7,
2026-08-02,2.8,1.7,5.2,9.65,4.7,1.3,2.3,1.7,11.3,,9.8,2.1,10.2,
2026-08-09,2.8,10.3,,15.45,1.6,,4.6,,2.8,17.5,13.1,,10.2,
2026-08-16,1.4,3.4,,4.5,1.6,,4.6,5.1,2.8,8.7,6.5,2.1,10.2,7.3
2026-08-23,4.2,8.6,,17.4,1.6,1.3,6.9,1.7,2.8,4.4,9.8,4.2,5.1,
2026-08-30,2.8,3.4,5.2,17.05,9.4,1.3,2.3,3.4,,8.7,19.6,2.1,5.1,3.7
2026-09-06,7.1,6.8,,15.95,3.1,4.0,9.2,3.4,2.8,8.7,19.6,4.2,10.2,7.3
2026-09-13,5.7,6.8,5.2,19.65,1.6,7.9,6.9,8.5,11.3,4.4,35.9,2.1,25.4,3.7
2026-09-20,7.1,13.7,5.2,29.35,,,6.9,6.8,2.8,21.8,26.1,4.2,12.7,
2026-09-27,5.7,8.6,5.2,19.45,1.6,2.6,13.8,8.5,11.3,8.7,16.3,8.4,20.4,3.7
