season,model,origin_date,target_date,horizon,area,predicted,lower,upper,actual,wis,abs_error,covered95
2026_27,gnn_st,2026-09-27,2026-10-04,1,Allston/Brighton,6.889857769012451,0.0,15.568805539667604,,,,
2026_27,gnn_st,2026-09-27,2026-10-04,1,Back Bay/Beacon Hill/Downtown/North End/West End,7.492858409881592,0.0,16.533214285676408,,,,
2026_27,gnn_st,2026-09-27,2026-10-04,1,Charlestown,8.859039306640625,0.0,18.70490672225237,,,,
2026_27,gnn_st,2026-09-27,2026-10-04,1,Dorchester,23.481739044189453,7.235347289309562,39.72813079906935,,,,
2026_27,gnn_st,2026-09-27,2026-10-04,1,East Boston,3.7836740016937256,0.0,10.225200736374283,,,,
2026_27,gnn_st,2026-09-27,2026-10-04,1,Fenway,3.872028827667236,0.0,10.355851239759389,,,,
2026_27,gnn_st,2026-09-27,2026-10-04,1,Hyde Park,10.105976104736328,0.0,20.71865251013516,,,,
2026_27,gnn_st,2026-09-27,2026-10-04,1,Jamaica Plain,6.910546779632568,0.0,15.570023448266724,,,,
2026_27,gnn_st,2026-09-27,2026-10-04,1,Mattapan,11.420404434204102,0.1309435497337343,22.709865318674467,,,,
2026_27,gnn_st,2026-09-27,2026-10-04,1,Roslindale,13.209264755249023,1.0039835907219157,25.41454591977613,,,,
2026_27,gnn_st,2026-09-27,2026-10-04,1,Roxbury,23.72114562988281,7.279555146315026,40.1627361134506,,,,
2026_27,gnn_st,2026-09-27,2026-10-04,1,South Boston,5.632696151733398,0.0,13.4987460518732,,,,
2026_27,gnn_st,2026-09-27,2026-10-04,1,South End,16.056072235107422,2.661714546883698,29.450429923331143,,,,
2026_27,gnn_st,2026-09-27,2026-10-04,1,West Roxbury,5.424008846282959,0.0,13.167459964608224,,,,
2026_27,lstm,2026-09-27,2026-10-04,1,Allston/Brighton,7.22793436050415,0.0,16.979339796652628,,,,
2026_27,lstm,2026-09-27,2026-10-04,1,Back Bay/Beacon Hill/Downtown/North End/West End,6.209910392761231,0.0,15.248543964240763,,,,
2026_27,lstm,2026-09-27,2026-10-04,1,Charlestown,9.938791275024414,0.0,21.37354718980197,,,,
2026_27,lstm,2026-09-27,2026-10-04,1,Dorchester,26.336156845092773,7.722302397450651,44.9500112927349,,,,
2026_27,lstm,2026-09-27,2026-10-04,1,East Boston,5.420041084289551,0.0,13.864297312943991,,,,
2026_27,lstm,2026-09-27,2026-10-04,1,Fenway,4.34996509552002,0.0,11.914861754538856,,,,
2026_27,lstm,2026-09-27,2026-10-04,1,Hyde Park,9.04948616027832,0.0,19.960675038489576,,,,
2026_27,lstm,2026-09-27,2026-10-04,1,Jamaica Plain,5.809184074401856,0.0,14.551322574352186,,,,
2026_27,lstm,2026-09-27,2026-10-04,1,Mattapan,11.075075149536133,0.0,23.145802893680823,,,,
2026_27,lstm,2026-09-27,2026-10-04,1,Roslindale,14.911508560180664,0.9052898172010356,28.91772730316029,,,,
2026_27,lstm,2026-09-27,2026-10-04,1,Roxbury,25.899494171142575,7.44059682117555,44.35839152110961,,,,
2026_27,lstm,2026-09-27,2026-10-04,1,South Boston,6.123085975646973,0.0,15.098309893486084,,,,
2026_27,lstm,2026-09-27,2026-10-04,1,South End,15.009490966796877,0.9573306623925522,29.0616512712012,,,,
2026_27,lstm,2026-09-27,2026-10-04,1,West Roxbury,6.773979187011719,0.0,16.214197602932582,,,,
2026_27,colagnn,2026-09-27,2026-10-04,1,Allston/Brighton,7.65070104598999,0.0,17.886736852112406,,,,
2026_27,colagnn,2026-09-27,2026-10-04,1,Back Bay/Beacon Hill/Downtown/North End/West End,7.494486808776855,0.0,17.62548248782482,,,,
2026_27,colagnn,2026-09-27,2026-10-04,1,Charlestown,9.416390419006348,0.0,20.772338773730095,,,,
2026_27,colagnn,2026-09-27,2026-10-04,1,Dorchester,27.80875587463379,8.293602891833043,47.32390885743453,,,,
2026_27,colagnn,2026-09-27,2026-10-04,1,East Boston,4.697603702545166,0.0,12.718434751852252,,,,
2026_27,colagnn,2026-09-27,2026-10-04,1,Fenway,4.707318305969238,0.0,12.73643857625516,,,,
2026_27,colagnn,2026-09-27,2026-10-04,1,Hyde Park,10.493729591369627,0.0,22.48171249143973,,,,
2026_27,colagnn,2026-09-27,2026-10-04,1,Jamaica Plain,7.017415046691895,0.0,16.820657917848685,,,,
2026_27,colagnn,2026-09-27,2026-10-04,1,Mattapan,11.3715181350708,0.0,23.85082328761907,,,,
2026_27,colagnn,2026-09-27,2026-10-04,1,Roslindale,15.123385429382324,0.7318977357969061,29.514873122967742,,,,
2026_27,colagnn,2026-09-27,2026-10-04,1,Roxbury,26.77966690063477,7.6290060262766595,45.93032777499288,,,,
2026_27,colagnn,2026-09-27,2026-10-04,1,South Boston,6.102398872375488,0.0,15.244193823644904,,,,
2026_27,colagnn,2026-09-27,2026-10-04,1,South End,16.76467514038086,1.6123684710085442,31.91698180975317,,,,
2026_27,colagnn,2026-09-27,2026-10-04,1,West Roxbury,6.5387372970581055,0.0,16.001721716203477,,,,
2026_27,gnn_st,2026-09-27,2026-10-11,2,Allston/Brighton,7.819065570831299,0.0,20.59550302920451,,,,
2026_27,gnn_st,2026-09-27,2026-10-11,2,Back Bay/Beacon Hill/Downtown/North End/West End,7.7968010902404785,0.0,20.57588520599319,,,,
2026_27,gnn_st,2026-09-27,2026-10-11,2,Charlestown,9.552519798278809,0.0,23.70458855695569,,,,
2026_27,gnn_st,2026-09-27,2026-10-11,2,Dorchester,27.367233276367188,3.206796476918917,51.52767007581546,,,,
2026_27,gnn_st,2026-09-27,2026-10-11,2,East Boston,4.517612457275391,0.0,14.237303143015138,,,,
2026_27,gnn_st,2026-09-27,2026-10-11,2,Fenway,4.200991630554199,0.0,13.554771092935717,,,,
2026_27,gnn_st,2026-09-27,2026-10-11,2,Hyde Park,12.043813705444336,0.0,27.94887724902308,,,,
2026_27,gnn_st,2026-09-27,2026-10-11,2,Jamaica Plain,7.255787372589111,0.0,19.55104175252289,,,,
2026_27,gnn_st,2026-09-27,2026-10-11,2,Mattapan,11.988750457763672,0.0,27.87614043341041,,,,
2026_27,gnn_st,2026-09-27,2026-10-11,2,Roslindale,15.03644561767578,0.0,32.85939091874557,,,,
2026_27,gnn_st,2026-09-27,2026-10-11,2,Roxbury,26.07969665527344,2.534601953117985,49.62479135742889,,,,
2026_27,gnn_st,2026-09-27,2026-10-11,2,South Boston,6.431735038757324,0.0,18.039170350148755,,,,
2026_27,gnn_st,2026-09-27,2026-10-11,2,South End,17.562061309814453,0.0,36.78517992320324,,,,
2026_27,gnn_st,2026-09-27,2026-10-11,2,West Roxbury,6.033566474914551,0.0,17.266001337634627,,,,
2026_27,lstm,2026-09-27,2026-10-11,2,Allston/Brighton,7.480995178222656,0.0,22.09883454012118,,,,
2026_27,lstm,2026-09-27,2026-10-11,2,Back Bay/Beacon Hill/Downtown/North End/West End,5.2992377281188965,0.0,17.602214356710125,,,,
2026_27,lstm,2026-09-27,2026-10-11,2,Charlestown,10.09575080871582,0.0,27.07712409684809,,,,
2026_27,lstm,2026-09-27,2026-10-11,2,Dorchester,25.67234230041504,0.0,52.7515681857924,,,,
2026_27,lstm,2026-09-27,2026-10-11,2,East Boston,5.275119304656982,0.0,17.550066732545055,,,,
2026_27,lstm,2026-09-27,2026-10-11,2,Fenway,4.0601091384887695,0.0,14.82903411909084,,,,
2026_27,lstm,2026-09-27,2026-10-11,2,Hyde Park,9.238176345825195,0.0,25.482312526954576,,,,
2026_27,lstm,2026-09-27,2026-10-11,2,Jamaica Plain,5.982615947723389,0.0,19.05482726514276,,,,
2026_27,lstm,2026-09-27,2026-10-11,2,Mattapan,11.18224048614502,0.0,29.054024681080307,,,,
2026_27,lstm,2026-09-27,2026-10-11,2,Roslindale,14.709704399108888,0.0,35.2074203385402,,,,
2026_27,lstm,2026-09-27,2026-10-11,2,Roxbury,24.638317108154297,0.0,51.16659253341367,,,,
2026_27,lstm,2026-09-27,2026-10-11,2,South Boston,5.57842493057251,0.0,18.201329362316283,,,,
2026_27,lstm,2026-09-27,2026-10-11,2,South End,13.69024658203125,0.0,33.46491148944139,,,,
2026_27,lstm,2026-09-27,2026-10-11,2,West Roxbury,6.399868965148926,0.0,19.920253345902204,,,,
2026_27,colagnn,2026-09-27,2026-10-11,2,Allston/Brighton,8.641092300415039,0.0,24.47100187207572,,,,
2026_27,colagnn,2026-09-27,2026-10-11,2,Back Bay/Beacon Hill/Downtown/North End/West End,7.4405517578125,0.0,22.129702340881387,,,,
2026_27,colagnn,2026-09-27,2026-10-11,2,Charlestown,11.186920166015623,0.0,29.19839938339974,,,,
2026_27,colagnn,2026-09-27,2026-10-11,2,Dorchester,31.775409698486328,1.4197488948020691,62.13107050217059,,,,
2026_27,colagnn,2026-09-27,2026-10-11,2,East Boston,5.734884262084961,0.0,18.63092631734196,,,,
2026_27,colagnn,2026-09-27,2026-10-11,2,Fenway,4.944900035858154,0.0,16.91982691324334,,,,
2026_27,colagnn,2026-09-27,2026-10-11,2,Hyde Park,11.654680252075195,0.0,30.03886151769933,,,,
2026_27,colagnn,2026-09-27,2026-10-11,2,Jamaica Plain,7.503523349761963,0.0,22.254702282979075,,,,
2026_27,colagnn,2026-09-27,2026-10-11,2,Mattapan,13.540247917175291,0.0,33.35585672607213,,,,
2026_27,colagnn,2026-09-27,2026-10-11,2,Roslindale,17.16259002685547,0.0,39.47186857867829,,,,
2026_27,colagnn,2026-09-27,2026-10-11,2,Roxbury,29.89554214477539,0.4515069138750718,59.33957737567571,,,,
2026_27,colagnn,2026-09-27,2026-10-11,2,South Boston,6.937493801116943,0.0,21.12138580690818,,,,
2026_27,colagnn,2026-09-27,2026-10-11,2,South End,17.98250961303711,0.0,40.81846902743964,,,,
2026_27,colagnn,2026-09-27,2026-10-11,2,West Roxbury,7.486194610595703,0.0,22.22033041130289,,,,
2026_27,gnn_st,2026-09-27,2026-10-18,3,Allston/Brighton,8.003039360046387,0.0,24.223904698394257,,,,
2026_27,gnn_st,2026-09-27,2026-10-18,3,Back Bay/Beacon Hill/Downtown/North End/West End,7.970426559448242,0.0,24.14372461585305,,,,
2026_27,gnn_st,2026-09-27,2026-10-18,3,Charlestown,8.996557235717773,0.0,26.244731623573383,,,,
2026_27,gnn_st,2026-09-27,2026-10-18,3,Dorchester,27.953466415405277,0.0,58.57709231710584,,,,
2026_27,gnn_st,2026-09-27,2026-10-18,3,East Boston,4.870573043823242,0.0,17.541524723350328,,,,
2026_27,gnn_st,2026-09-27,2026-10-18,3,Fenway,4.352045059204102,0.0,16.305300596167232,,,,
2026_27,gnn_st,2026-09-27,2026-10-18,3,Hyde Park,13.190125465393066,0.0,34.020404142635826,,,,
2026_27,gnn_st,2026-09-27,2026-10-18,3,Jamaica Plain,8.178749084472656,0.0,24.554978690017517,,,,
2026_27,gnn_st,2026-09-27,2026-10-18,3,Mattapan,13.437097549438477,0.0,34.535056902787744,,,,
2026_27,gnn_st,2026-09-27,2026-10-18,3,Roslindale,13.768566131591797,0.0,35.18798079172056,,,,
2026_27,gnn_st,2026-09-27,2026-10-18,3,Roxbury,26.148765563964844,0.0,55.84069202249579,,,,
2026_27,gnn_st,2026-09-27,2026-10-18,3,South Boston,7.513556480407715,0.0,23.256276572325824,,,,
2026_27,gnn_st,2026-09-27,2026-10-18,3,South End,19.35236358642578,0.0,44.61945757635665,,,,
2026_27,gnn_st,2026-09-27,2026-10-18,3,West Roxbury,6.505016326904297,0.0,21.149269399675163,,,,
2026_27,lstm,2026-09-27,2026-10-18,3,Allston/Brighton,7.831210136413574,0.0,27.85473792715848,,,,
2026_27,lstm,2026-09-27,2026-10-18,3,Back Bay/Beacon Hill/Downtown/North End/West End,5.594773292541504,0.0,22.519333906126377,,,,
2026_27,lstm,2026-09-27,2026-10-18,3,Charlestown,10.82995319366455,0.0,34.37716259230776,,,,
2026_27,lstm,2026-09-27,2026-10-18,3,Dorchester,28.50820541381836,0.0,66.71240416674848,,,,
2026_27,lstm,2026-09-27,2026-10-18,3,East Boston,5.646793365478516,0.0,22.649854015347167,,,,
2026_27,lstm,2026-09-27,2026-10-18,3,Fenway,4.220847129821777,0.0,18.921139339649905,,,,
2026_27,lstm,2026-09-27,2026-10-18,3,Hyde Park,10.051548957824709,0.0,32.73675103218318,,,,
2026_27,lstm,2026-09-27,2026-10-18,3,Jamaica Plain,6.468377590179443,0.0,24.666385018482828,,,,
2026_27,lstm,2026-09-27,2026-10-18,3,Mattapan,12.326827049255373,0.0,37.44868799623344,,,,
2026_27,lstm,2026-09-27,2026-10-18,3,Roslindale,16.698862075805664,0.0,45.93833871683135,,,,
2026_27,lstm,2026-09-27,2026-10-18,3,Roxbury,26.85997009277344,0.0,63.94331653389937,,,,
2026_27,lstm,2026-09-27,2026-10-18,3,South Boston,6.026291847229004,0.0,23.59141650193568,,,,
2026_27,lstm,2026-09-27,2026-10-18,3,South End,15.064458847045898,0.0,42.83618816853205,,,,
2026_27,lstm,2026-09-27,2026-10-18,3,West Roxbury,6.757485389709473,0.0,25.357732489469253,,,,
2026_27,colagnn,2026-09-27,2026-10-18,3,Allston/Brighton,9.185232162475586,0.0,29.556595451297547,,,,
2026_27,colagnn,2026-09-27,2026-10-18,3,Back Bay/Beacon Hill/Downtown/North End/West End,7.723407745361328,0.0,26.40352106632627,,,,
2026_27,colagnn,2026-09-27,2026-10-18,3,Charlestown,12.056740760803224,0.0,35.396156836877694,,,,
2026_27,colagnn,2026-09-27,2026-10-18,3,Dorchester,33.95686721801758,0.0,73.1255379410969,,,,
2026_27,colagnn,2026-09-27,2026-10-18,3,East Boston,6.298770427703857,0.0,23.168297779307604,,,,
2026_27,colagnn,2026-09-27,2026-10-18,3,Fenway,5.183066368103027,0.0,20.485778543291257,,,,
2026_27,colagnn,2026-09-27,2026-10-18,3,Hyde Park,12.322847366333008,0.0,35.91842205833201,,,,
2026_27,colagnn,2026-09-27,2026-10-18,3,Jamaica Plain,7.842478275299072,0.0,26.66603499509388,,,,
2026_27,colagnn,2026-09-27,2026-10-18,3,Mattapan,14.544652938842772,0.0,40.17926244370459,,,,
2026_27,colagnn,2026-09-27,2026-10-18,3,Roslindale,18.32100486755371,0.0,47.09165460881131,,,,
2026_27,colagnn,2026-09-27,2026-10-18,3,Roxbury,31.822643280029297,0.0,69.74044490238808,,,,
2026_27,colagnn,2026-09-27,2026-10-18,3,South Boston,7.383379936218262,0.0,25.647663169659715,,,,
2026_27,colagnn,2026-09-27,2026-10-18,3,South End,18.85703659057617,0.0,48.04553454731362,,,,
2026_27,colagnn,2026-09-27,2026-10-18,3,West Roxbury,8.078216552734375,0.0,27.182588741202977,,,,
2026_27,gnn_st,2026-09-27,2026-10-25,4,Allston/Brighton,9.2698392868042,0.0,28.38511620952826,,,,
2026_27,gnn_st,2026-09-27,2026-10-25,4,Back Bay/Beacon Hill/Downtown/North End/West End,8.110483169555664,0.0,25.99575195901948,,,,
2026_27,gnn_st,2026-09-27,2026-10-25,4,Charlestown,10.44509506225586,0.0,30.77897355256801,,,,
2026_27,gnn_st,2026-09-27,2026-10-25,4,Dorchester,32.719322204589844,0.0,68.95654901895472,,,,
2026_27,gnn_st,2026-09-27,2026-10-25,4,East Boston,6.23831033706665,0.0,21.9146050641988,,,,
2026_27,gnn_st,2026-09-27,2026-10-25,4,Fenway,4.83992862701416,0.0,18.644112257155555,,,,
2026_27,gnn_st,2026-09-27,2026-10-25,4,Hyde Park,13.555746078491213,0.0,36.716097433939936,,,,
2026_27,gnn_st,2026-09-27,2026-10-25,4,Jamaica Plain,8.481998443603516,0.0,26.75416354928676,,,,
2026_27,gnn_st,2026-09-27,2026-10-25,4,Mattapan,14.118575096130373,0.0,37.82085880033691,,,,
2026_27,gnn_st,2026-09-27,2026-10-25,4,Roslindale,15.942699432373049,0.0,41.094040783065545,,,,
2026_27,gnn_st,2026-09-27,2026-10-25,4,Roxbury,30.61603546142578,0.0,65.74190242627236,,,,
2026_27,gnn_st,2026-09-27,2026-10-25,4,South Boston,7.8626389503479,0.0,25.486470854570968,,,,
2026_27,gnn_st,2026-09-27,2026-10-25,4,South End,19.85308265686035,0.0,47.912745853391705,,,,
2026_27,gnn_st,2026-09-27,2026-10-25,4,West Roxbury,7.4888739585876465,0.0,24.6840033921646,,,,
2026_27,lstm,2026-09-27,2026-10-25,4,Allston/Brighton,9.50278377532959,0.0,33.4115765898609,,,,
2026_27,lstm,2026-09-27,2026-10-25,4,Back Bay/Beacon Hill/Downtown/North End/West End,6.889868259429932,0.0,27.247988906467363,,,,
2026_27,lstm,2026-09-27,2026-10-25,4,Charlestown,12.430505752563477,0.0,39.77542368252675,,,,
2026_27,lstm,2026-09-27,2026-10-25,4,Dorchester,34.39604187011719,0.0,79.88295436282606,,,,
2026_27,lstm,2026-09-27,2026-10-25,4,East Boston,6.694705009460449,0.0,26.76242106814196,,,,
2026_27,lstm,2026-09-27,2026-10-25,4,Fenway,4.864141941070557,0.0,21.969625058222665,,,,
2026_27,lstm,2026-09-27,2026-10-25,4,Hyde Park,11.762380599975586,0.0,38.36227048487655,,,,
2026_27,lstm,2026-09-27,2026-10-25,4,Jamaica Plain,7.473273277282715,0.0,28.675801822895163,,,,
2026_27,lstm,2026-09-27,2026-10-25,4,Mattapan,14.805391311645508,0.0,44.64837008691421,,,,
2026_27,lstm,2026-09-27,2026-10-25,4,Roslindale,18.630353927612305,0.0,52.10706449822523,,,,
2026_27,lstm,2026-09-27,2026-10-25,4,Roxbury,32.37223052978516,0.0,76.50066669155116,,,,
2026_27,lstm,2026-09-27,2026-10-25,4,South Boston,7.5082106590271,0.0,28.760242084041305,,,,
2026_27,lstm,2026-09-27,2026-10-25,4,South End,17.24011993408203,0.0,49.4435673719952,,,,
2026_27,lstm,2026-09-27,2026-10-25,4,West Roxbury,7.919389247894287,0.0,29.74558619109897,,,,
2026_27,colagnn,2026-09-27,2026-10-25,4,Allston/Brighton,10.829071998596191,0.0,37.10508871202451,,,,
2026_27,colagnn,2026-09-27,2026-10-25,4,Back Bay/Beacon Hill/Downtown/North End/West End,9.003411293029785,0.0,32.962343233731346,,,,
2026_27,colagnn,2026-09-27,2026-10-25,4,Charlestown,14.294360160827637,0.0,44.483189273183655,,,,
2026_27,colagnn,2026-09-27,2026-10-25,4,Dorchester,40.597076416015625,0.0,91.47288075428794,,,,
2026_27,colagnn,2026-09-27,2026-10-25,4,East Boston,7.679146766662598,0.0,29.806037583635103,,,,
2026_27,colagnn,2026-09-27,2026-10-25,4,Fenway,5.996973037719727,0.0,25.550718475081727,,,,
2026_27,colagnn,2026-09-27,2026-10-25,4,Hyde Park,14.856088638305664,0.0,45.63237043277029,,,,
2026_27,colagnn,2026-09-27,2026-10-25,4,Jamaica Plain,9.15206527709961,0.0,33.30797864377945,,,,
2026_27,colagnn,2026-09-27,2026-10-25,4,Mattapan,17.65665626525879,0.0,51.20863516731225,,,,
2026_27,colagnn,2026-09-27,2026-10-25,4,Roslindale,21.7241153717041,0.0,58.94056664033972,,,,
2026_27,colagnn,2026-09-27,2026-10-25,4,Roxbury,37.68699264526367,0.0,86.70545120972102,,,,
2026_27,colagnn,2026-09-27,2026-10-25,4,South Boston,9.071036338806152,0.0,33.119778285660374,,,,
2026_27,colagnn,2026-09-27,2026-10-25,4,South End,22.263824462890625,0.0,59.93973816272483,,,,
2026_27,colagnn,2026-09-27,2026-10-25,4,West Roxbury,9.74497890472412,0.0,34.671080482330126,,,,
2026_27,persistence,2026-09-27,2026-10-04,1,Allston/Brighton,5.7,0.0,19.761258143655716,,,,
2026_27,persistence,2026-09-27,2026-10-04,1,Back Bay/Beacon Hill/Downtown/North End/West End,8.6,0.0,25.8717355206835,,,,
2026_27,persistence,2026-09-27,2026-10-04,1,Charlestown,5.2,0.0,18.630383849912377,,,,
2026_27,persistence,2026-09-27,2026-10-04,1,Dorchester,19.45,0.0,45.424461723244576,,,,
2026_27,persistence,2026-09-27,2026-10-04,1,East Boston,1.6,0.0,9.04983655692654,,,,
2026_27,persistence,2026-09-27,2026-10-04,1,Fenway,2.6,0.0,12.09671549421133,,,,
2026_27,persistence,2026-09-27,2026-10-04,1,Hyde Park,13.8,0.0,35.678940976483005,,,,
2026_27,persistence,2026-09-27,2026-10-04,1,Jamaica Plain,8.5,0.0,25.671024834037507,,,,
2026_27,persistence,2026-09-27,2026-10-04,1,Mattapan,11.3,0.0,31.098212220292545,,,,
2026_27,persistence,2026-09-27,2026-10-04,1,Roslindale,8.7,0.0,26.071862362502976,,,,
2026_27,persistence,2026-09-27,2026-10-04,1,Roxbury,16.3,0.0,40.07828651070369,,,,
2026_27,persistence,2026-09-27,2026-10-04,1,South Boston,8.4,0.0,25.46971996858253,,,,
2026_27,persistence,2026-09-27,2026-10-04,1,South End,20.4,0.0,47.00123728781649,,,,
2026_27,persistence,2026-09-27,2026-10-04,1,West Roxbury,3.7,0.0,15.028896666329665,,,,
2026_27,persistence,2026-09-27,2026-10-11,2,Allston/Brighton,5.7,0.0,23.871421830921044,,,,
2026_27,persistence,2026-09-27,2026-10-11,2,Back Bay/Beacon Hill/Downtown/North End/West End,8.6,0.0,30.920334972304673,,,,
2026_27,persistence,2026-09-27,2026-10-11,2,Charlestown,5.2,0.0,22.55614038193725,,,,
2026_27,persistence,2026-09-27,2026-10-11,2,Dorchester,19.45,0.0,53.0169038987914,,,,
2026_27,persistence,2026-09-27,2026-10-11,2,East Boston,1.6,0.0,11.227454475573216,,,,
2026_27,persistence,2026-09-27,2026-10-11,2,Fenway,2.6,0.0,14.872644559293503,,,,
2026_27,persistence,2026-09-27,2026-10-11,2,Hyde Park,13.8,0.0,42.07424556435414,,,,
2026_27,persistence,2026-09-27,2026-10-11,2,Jamaica Plain,8.5,0.0,30.690186137027663,,,,
2026_27,persistence,2026-09-27,2026-10-11,2,Mattapan,11.3,0.0,36.88531122020203,,,,
2026_27,persistence,2026-09-27,2026-10-11,2,Roslindale,8.7,0.0,31.149729302506948,,,,
2026_27,persistence,2026-09-27,2026-10-11,2,Roxbury,16.3,0.0,47.02877762346242,,,,
2026_27,persistence,2026-09-27,2026-10-11,2,South Boston,8.4,0.0,30.459269442027825,,,,
2026_27,persistence,2026-09-27,2026-10-11,2,South End,20.4,0.0,54.776888543180334,,,,
2026_27,persistence,2026-09-27,2026-10-11,2,West Roxbury,3.7,0.0,18.34037983654217,,,,
2026_27,persistence,2026-09-27,2026-10-18,3,Allston/Brighton,5.7,0.0,30.034703491345475,,,,
2026_27,persistence,2026-09-27,2026-10-18,3,Back Bay/Beacon Hill/Downtown/North End/West End,8.6,0.0,38.490821886831526,,,,
2026_27,persistence,2026-09-27,2026-10-18,3,Charlestown,5.2,0.0,28.44289942077708,,,,
2026_27,persistence,2026-09-27,2026-10-18,3,Dorchester,19.45,0.0,64.40193942994688,,,,
2026_27,persistence,2026-09-27,2026-10-18,3,East Boston,1.6,0.0,14.49284086954831,,,,
2026_27,persistence,2026-09-27,2026-10-18,3,Fenway,2.6,0.0,19.035211794868353,,,,
2026_27,persistence,2026-09-27,2026-10-18,3,Hyde Park,13.8,0.0,51.66414671631525,,,,
2026_27,persistence,2026-09-27,2026-10-18,3,Jamaica Plain,8.5,0.0,38.21652989440083,,,,
2026_27,persistence,2026-09-27,2026-10-18,3,Mattapan,11.3,0.0,45.56319459592078,,,,
2026_27,persistence,2026-09-27,2026-10-18,3,Roslindale,8.7,0.0,38.76410346535806,,,,
2026_27,persistence,2026-09-27,2026-10-18,3,Roxbury,16.3,0.0,57.45119329000505,,,,
2026_27,persistence,2026-09-27,2026-10-18,3,South Boston,8.4,0.0,37.9412096038627,,,,
2026_27,persistence,2026-09-27,2026-10-18,3,South End,20.4,0.0,66.4366501552357,,,,
2026_27,persistence,2026-09-27,2026-10-18,3,West Roxbury,3.7,0.0,23.30602233759649,,,,
2026_27,persistence,2026-09-27,2026-10-25,4,Allston/Brighton,5.7,0.0,34.05126526534321,,,,
2026_27,persistence,2026-09-27,2026-10-25,4,Back Bay/Beacon Hill/Downtown/North End/West End,8.6,0.0,43.42444816367195,,,,
2026_27,persistence,2026-09-27,2026-10-25,4,Charlestown,5.2,0.0,32.27925359552875,,,,
2026_27,persistence,2026-09-27,2026-10-25,4,Dorchester,19.45,0.0,71.8214767851318,,,,
2026_27,persistence,2026-09-27,2026-10-25,4,East Boston,1.6,0.0,16.62086728307254,,,,
2026_27,persistence,2026-09-27,2026-10-25,4,Fenway,2.6,0.0,21.747923846868577,,,,
2026_27,persistence,2026-09-27,2026-10-25,4,Hyde Park,13.8,0.0,57.91380923469693,,,,
2026_27,persistence,2026-09-27,2026-10-25,4,Jamaica Plain,8.5,0.0,43.12138842584587,,,,
2026_27,persistence,2026-09-27,2026-10-25,4,Mattapan,11.3,0.0,51.21850236319911,,,,
2026_27,persistence,2026-09-27,2026-10-25,4,Roslindale,8.7,0.0,43.726330713839474,,,,
2026_27,persistence,2026-09-27,2026-10-25,4,Roxbury,16.3,0.0,64.24339891444629,,,,
2026_27,persistence,2026-09-27,2026-10-25,4,South Boston,8.4,0.0,42.817130664282786,,,,
2026_27,persistence,2026-09-27,2026-10-25,4,South End,20.4,0.0,74.03522431835171,,,,
2026_27,persistence,2026-09-27,2026-10-25,4,West Roxbury,3.7,0.0,26.542092170514017,,,,
